timestamp,plate_text,confidence,vehicle_image_path,crop_type
2026-07-20T13:36:52,KWD111H,0.549,,
2026-07-20T13:36:52,HWJ111,0.578,,
2026-07-20T13:36:52,HWJ111,0.578,,
2026-07-20T13:36:52,YA411E,0.523,,
2026-07-20T13:36:52,79A111,0.537,,
2026-07-20T13:36:53,79A111,0.537,,
2026-07-20T13:36:53,PAJJIH,0.653,,
2026-07-20T13:36:53,79A11115,0.768,,
2026-07-20T13:36:53,79A11115,0.768,,
2026-07-20T13:36:53,29A11113,0.890,,
2026-07-20T13:36:53,29A11113,0.890,,
2026-07-20T13:36:53,29A31185,0.951,,
2026-07-20T13:36:53,29A23185,0.970,,
2026-07-20T13:36:53,29A33115,0.833,,
2026-07-20T13:36:53,SAJ011,0.522,,
2026-07-20T13:36:53,29A33115,0.833,,
2026-07-20T13:36:53,79A03131,0.674,,
2026-07-20T13:36:53,29A33185,0.956,,
2026-07-20T13:36:53,29A33185,0.956,,
2026-07-20T13:36:53,29A33103,0.830,,
2026-07-20T13:36:53,EXA33165,0.735,,
2026-07-20T13:36:53,EXA33165,0.735,,
2026-07-20T13:36:53,GAA1115,0.534,,
2026-07-20T13:36:53,29A31115,0.694,,
2026-07-20T13:36:53,29A31115,0.694,,
2026-07-20T13:36:53,29A13113,0.673,,
2026-07-20T13:36:53,291D1155,0.601,,
2026-07-20T13:36:53,291D1155,0.601,,
2026-07-20T13:36:53,GM131EB,0.536,,
2026-07-20T13:37:07,H0D118,0.579,,
2026-07-20T13:37:07,H0D118,0.579,,
2026-07-20T13:37:07,KMD1115,0.634,,
2026-07-20T13:37:07,KMD1115,0.634,,
2026-07-20T13:37:08,BAD1111,0.583,,
2026-07-20T13:37:08,2UK111,0.700,,
2026-07-20T13:37:08,2UK111,0.700,,
2026-07-20T13:37:08,Z0AX1165,0.643,,
2026-07-20T13:37:08,Z0AX1165,0.643,,
2026-07-20T13:37:08,1_A,0.738,,
2026-07-20T13:37:08,4__111,0.685,,
2026-07-20T13:37:08,4__111,0.685,,
2026-07-20T13:37:08,1_A171,0.657,,
2026-07-20T13:37:08,71A_11,0.689,,
2026-07-20T13:37:08,Z1A77166,0.708,,
2026-07-20T13:37:08,29A_115,0.646,,
2026-07-20T13:37:08,29A_115,0.646,,
2026-07-20T13:37:08,29A21145,0.914,,
2026-07-20T13:37:08,29A11195,0.896,,
2026-07-20T13:37:08,29A11195,0.896,,
2026-07-20T13:37:08,2_A111,0.688,,
2026-07-20T13:37:08,___311,0.541,,
2026-07-20T13:37:08,___311,0.541,,
2026-07-20T13:37:08,JJ22716,0.514,,
2026-07-20T13:37:08,KSY3311E,0.641,,
2026-07-20T13:37:08,29A33165,0.952,,
2026-07-20T13:37:08,29A33165,0.952,,
2026-07-20T13:37:08,79A33185,0.944,,
2026-07-20T13:37:08,29A33185,0.991,,
2026-07-20T13:37:08,29A33185,0.991,,
2026-07-20T13:37:09,39A33185,0.985,,
2026-07-20T13:37:09,39A33185,0.985,,
2026-07-20T13:37:09,79A33185,0.974,,
2026-07-20T13:37:09,BA331122,0.863,,
2026-07-20T13:37:09,29A73165,0.887,,
2026-07-20T13:37:09,29A30165,0.914,,
2026-07-20T13:37:09,29A30165,0.914,,
2026-07-20T13:37:09,2AA13144,0.573,,
2026-07-20T13:37:09,11A1114,0.532,,
2026-07-20T13:37:09,11A1114,0.532,,
2026-07-20T13:37:09,2A11114,0.599,,
2026-07-20T13:37:09,_A1111,0.609,,
2026-07-20T13:37:09,_A1111,0.609,,
2026-07-20T13:37:09,BA331P5,0.862,,
2026-07-20T13:37:09,99A33185,0.968,,
2026-07-20T13:37:09,99A33185,0.968,,
2026-07-20T13:37:10,29A33183,0.932,,
2026-07-20T13:37:10,29A33183,0.932,,
2026-07-20T13:37:10,BA37185,0.887,,
2026-07-20T13:37:10,79A11185,0.880,,
2026-07-20T13:37:10,BA37185,0.887,,
2026-07-20T13:37:10,PA331185,0.749,,
2026-07-20T13:37:10,PA331185,0.749,,
2026-07-20T13:37:10,9A31185,0.828,,
2026-07-20T13:37:10,29331165,0.585,,
2026-07-20T13:37:10,29331165,0.585,,
2026-07-20T13:37:11,2HA1111,0.697,,
2026-07-20T13:37:11,20A1011,0.618,,
2026-07-20T13:37:11,20A1011,0.618,,
2026-07-20T13:37:11,ZA1011K,0.733,,
2026-07-20T13:37:11,ZA1011K,0.733,,
2026-07-20T13:37:11,BA331RM,0.762,,
2026-07-20T13:37:11,BA331RM,0.762,,
2026-07-20T13:37:11,29A33185,1.000,,
2026-07-20T13:37:11,29A33185,1.000,,
2026-07-20T13:37:11,16A33163,0.746,,
2026-07-20T13:37:11,16A33163,0.746,,
2026-07-20T13:37:12,M4361,0.592,,
2026-07-20T13:37:12,SW553A,0.540,,
2026-07-20T13:37:12,29H33185,0.885,,
2026-07-20T13:37:12,79A33185,0.971,,
2026-07-20T13:37:12,PA331165,0.753,,
2026-07-20T13:37:12,29A11165,0.858,,
2026-07-20T13:37:12,29A11165,0.858,,
2026-07-20T13:37:12,2AX1115,0.600,,
2026-07-20T13:37:12,29A11111,0.778,,
2026-07-20T13:37:12,29A11111,0.778,,
2026-07-20T13:37:12,73A11166,0.634,,
2026-07-20T13:37:12,M27,0.610,,
2026-07-20T13:37:12,M27,0.610,,
2026-07-20T13:37:12,A1E,0.566,,
2026-07-20T13:37:12,1_111,0.514,,
2026-07-20T13:37:14,29A33105,0.850,,
2026-07-20T13:37:14,29A33105,0.850,,
2026-07-20T13:37:14,29A31105,0.927,,
2026-07-20T13:37:14,29A31105,0.927,,
2026-07-20T13:37:14,29A23105,0.886,,
2026-07-20T13:37:14,29A23105,0.886,,
2026-07-20T13:37:14,29A33185,0.989,,
2026-07-20T13:37:15,29A33185,0.922,,
2026-07-20T13:37:15,29A33186,0.893,,
2026-07-20T13:37:15,29A33186,0.893,,
2026-07-20T13:37:15,29A33113,0.897,,
2026-07-20T13:37:15,29A33103,0.927,,
2026-07-20T13:37:15,29A33165,0.976,,
2026-07-20T13:37:15,29A33165,0.976,,
2026-07-20T13:37:15,29A33103,0.924,,
2026-07-20T13:37:16,9A331185,0.750,,
2026-07-20T13:37:16,9A331185,0.750,,
2026-07-20T13:37:16,29A23185,0.908,,
2026-07-20T13:37:16,29A23185,0.908,,
2026-07-20T13:37:16,29A73113,0.876,,
2026-07-20T13:37:16,ZX331YW,0.643,,
2026-07-20T13:37:16,ZX331YW,0.643,,
2026-07-20T13:39:55,991D7115,0.562,,
2026-07-20T13:39:55,79A11195,0.815,,
2026-07-20T13:39:55,Z5617YV,0.559,,
2026-07-20T13:39:55,YS301W,0.563,,
2026-07-20T13:39:55,Y117T,0.534,,
2026-07-20T13:39:55,VN101WA,0.646,,
2026-07-20T13:39:55,ZM111W,0.523,,
2026-07-20T13:39:55,24A13115,0.681,,
2026-07-20T13:39:56,29A33185,0.937,,
2026-07-20T13:39:56,29A33185,0.937,,
2026-07-20T13:39:57,29A33105,0.951,,
2026-07-20T13:39:57,29A33105,0.951,,
2026-07-20T13:39:57,29A31185,0.829,,
2026-07-20T13:39:57,79A33185,0.974,,
2026-07-20T13:39:57,79A33185,0.974,,
2026-07-20T13:39:57,29A33145,0.933,,
2026-07-20T13:39:57,29A33145,0.933,,
2026-07-20T13:39:57,29A33165,0.970,,
2026-07-20T13:39:58,20F03195,0.544,,
2026-07-20T13:39:58,043KY,0.515,,
2026-07-20T13:39:58,29A23115,0.946,,
2026-07-20T13:39:58,29A23115,0.946,,
2026-07-20T13:39:58,7WJ31W,0.515,,
2026-07-20T13:40:05,FJ1111,0.544,,
2026-07-20T13:40:05,MT1111,0.559,,
2026-07-20T13:40:05,TT1114A,0.505,,
2026-07-20T13:40:05,THA1111,0.688,,
2026-07-20T13:40:05,TBA171AA,0.647,,
2026-07-20T13:40:05,7BA711_6,0.623,,
2026-07-20T13:40:05,39A33155,0.781,,
2026-07-20T13:40:05,29A33185,1.000,,
2026-07-20T13:40:05,29A33185,0.956,,
2026-07-20T13:40:06,29A33165,0.978,,
2026-07-20T13:40:06,29A33165,0.978,,
2026-07-20T13:40:06,94131155,0.548,,
2026-07-20T13:40:06,14A11133,0.514,,
2026-07-20T13:40:06,A33315,0.608,,
2026-07-20T13:40:06,33185,0.996,,
2026-07-20T13:40:06,33185,0.985,,
2026-07-20T13:40:06,J3185,0.812,,
2026-07-20T13:40:06,33153,0.638,,
2026-07-20T13:40:06,33188,0.718,,
2026-07-20T13:40:07,_31,0.701,,
2026-07-20T13:40:36,DA2719,0.589,,
2026-07-20T13:40:36,29A33185,1.000,,
2026-07-20T13:40:36,BA41115,0.506,,
2026-07-20T13:40:36,7_A1,0.781,,
2026-07-20T13:40:36,29A13145,0.749,,
2026-07-20T13:40:36,79A33185,0.891,,
2026-07-20T13:40:36,DAA118,0.681,,
2026-07-20T13:40:36,39A94185,0.847,,
2026-07-20T13:40:37,NA33185,0.913,,
2026-07-20T13:40:37,VA33185,0.919,,
2026-07-20T13:40:37,BA331RS,0.833,,
2026-07-20T13:40:37,69A33185,0.930,,
2026-07-20T13:40:37,39A33185,0.913,,
2026-07-20T13:40:38,39A33122,0.798,,
2026-07-20T13:40:39,99A33185,0.941,,
2026-07-20T13:40:39,19A33185,0.916,,
2026-07-20T13:40:39,29A33185,0.999,,
2026-07-20T13:40:41,09A33185,0.948,,
2026-07-20T13:40:42,69A33185,0.941,,
2026-07-20T13:40:42,29A33185,1.000,,
2026-07-20T13:40:42,29A33185,1.000,,
2026-07-20T13:40:42,39A33185,0.950,,
2026-07-20T13:40:42,99A33185,0.955,,
2026-07-20T13:40:42,993311,0.578,,
2026-07-20T13:40:42,29A22105,0.870,,
2026-07-20T13:40:42,20I11103,0.758,,
2026-07-20T13:40:42,3QI12106,0.691,,
2026-07-20T13:40:42,30A11406,0.685,,
2026-07-20T13:40:42,KQ144WA,0.547,,
2026-07-20T13:40:43,XWV411W,0.569,,
2026-07-20T13:40:43,29A52106,0.757,,
2026-07-20T13:40:43,79A33185,0.947,,
2026-07-20T13:40:44,19A33185,0.926,,
2026-07-20T13:40:45,AL771,0.607,,
2026-07-20T13:40:59,1ZA1111,0.668,,
2026-07-20T13:40:59,Z9A17195,0.708,,
2026-07-20T13:40:59,41A91155,0.688,,
2026-07-20T13:40:59,29A33185,0.872,,
2026-07-20T13:40:59,79A33185,0.978,,
2026-07-20T13:40:59,29A27185,0.914,,
2026-07-20T13:40:59,2XA111,0.683,,
2026-07-20T13:41:00,28A1115,0.835,,
2026-07-20T13:41:00,9A731185,0.699,,
2026-07-20T13:41:00,1515,0.629,,
2026-07-20T13:41:00,29A11185,0.761,,
2026-07-20T13:41:01,29A33185,1.000,,
2026-07-20T13:41:01,AA13165,0.678,,
2026-07-20T13:41:01,__1,0.548,,
2026-07-20T13:41:01,AA111,0.516,,
2026-07-20T13:41:29,11111,0.514,,
2026-07-20T13:41:29,29A331_5,0.897,,
2026-07-20T13:41:29,28A11105,0.807,,
2026-07-20T13:41:29,___111,0.682,,
2026-07-20T13:41:30,78A21113,0.746,,
2026-07-20T13:41:30,29A33185,0.977,,
2026-07-20T13:41:30,28A11135,0.827,,
2026-07-20T13:41:30,VA33115,0.868,,
2026-07-20T13:41:30,79A33185,0.946,,
2026-07-20T13:41:30,29A23115,0.862,,
2026-07-20T13:48:55,1SM111,0.527,,
2026-07-20T13:48:56,17,0.652,,
2026-07-20T13:48:56,4_TD711,0.590,,
2026-07-20T13:48:56,ZDA7710,0.632,,
2026-07-20T13:48:56,___7,0.533,,
2026-07-20T13:48:56,7111T166,0.562,,
2026-07-20T13:48:56,24111105,0.578,,
2026-07-20T13:48:56,27A13115,0.841,,
2026-07-20T13:48:56,KA11163,0.722,,
2026-07-20T13:48:56,29A13107,0.806,,
2026-07-20T13:48:56,24A31105,0.709,,
2026-07-20T13:48:57,___11,0.653,,
2026-07-20T13:48:57,29A31155,0.805,,
2026-07-20T13:48:57,29A37108,0.789,,
2026-07-20T13:48:57,HA21112,0.794,,
2026-07-20T13:48:57,9A311,0.649,,
2026-07-20T13:48:57,PA21115,0.729,,
2026-07-20T13:48:57,BA111N,0.648,,
2026-07-20T13:48:57,GA1111,0.613,,
2026-07-20T13:48:57,7AA11133,0.633,,
2026-07-20T13:48:57,79A33188,0.857,,
2026-07-20T13:48:57,29A33188,0.964,,
2026-07-20T13:48:57,29A33181,0.905,,
2026-07-20T13:48:57,79433105,0.843,,
2026-07-20T13:48:57,9A37115,0.698,,
2026-07-20T13:48:57,19A37185,0.894,,
2026-07-20T13:48:57,9A331165,0.693,,
2026-07-20T13:48:58,9A33115,0.829,,
2026-07-20T13:48:58,94A33165,0.770,,
2026-07-20T13:48:58,___111,0.608,,
2026-07-20T13:48:58,29A31166,0.821,,
2026-07-20T13:48:58,99A33117,0.753,,
2026-07-20T13:48:58,99A33185,0.664,,
2026-07-20T13:48:58,99A37185,0.840,,
2026-07-20T13:48:58,29A33185,0.991,captures/2026-07-20T13-48-58_29A33185.jpg,
2026-07-20T13:48:58,29A33185,0.984,,
2026-07-20T13:48:58,29A33161,0.851,,
2026-07-20T13:48:58,29A33102,0.874,,
2026-07-20T13:48:58,BA31185,0.754,,
2026-07-20T13:48:58,39A33185,0.936,,
2026-07-20T13:48:58,79A37185,0.961,,
2026-07-20T13:48:58,79A33185,0.986,,
2026-07-20T13:48:58,9A333165,0.658,,
2026-07-20T13:48:58,79A33185,0.991,captures/2026-07-20T13-48-58_79A33185.jpg,
2026-07-20T13:48:58,29A33107,0.848,,
2026-07-20T13:48:59,BA731185,0.742,,
2026-07-20T13:48:59,94331855,0.799,,
2026-07-20T13:48:59,VA111122,0.695,,
2026-07-20T13:49:02,WHAM,0.642,,
2026-07-20T13:49:02,MHH1M,0.562,,
2026-07-20T13:49:02,47A111,0.759,,
2026-07-20T13:49:02,_N__1,0.647,,
2026-07-20T13:49:03,94J3114,0.608,,
2026-07-20T13:49:03,0__111,0.516,,
2026-07-20T13:49:03,BA31185,0.729,,
2026-07-20T13:49:03,79A33185,0.994,captures/2026-07-20T13-49-03_79A33185.jpg,
2026-07-20T13:49:03,29A33185,0.968,,
2026-07-20T13:49:03,29A33185,0.947,,
2026-07-20T13:49:03,29A31145,0.831,,
2026-07-20T13:49:03,99A33185,0.950,,
2026-07-20T13:49:03,29A11165,0.820,,
2026-07-20T13:49:03,99A111_5,0.686,,
2026-07-20T13:49:03,SA33115,0.771,,
2026-07-20T13:49:03,99A31185,0.787,,
2026-07-20T13:49:03,PA331X9,0.739,,
2026-07-20T13:49:04,79A33185,0.976,,
2026-07-20T13:49:04,39A33185,0.874,,
2026-07-20T13:49:05,69A33185,0.970,,
2026-07-20T13:49:05,99A73185,0.833,,
2026-07-20T13:49:05,79A13185,0.915,,
2026-07-20T13:49:06,29A33185,0.989,,
2026-07-20T13:49:06,29A33185,0.994,captures/2026-07-20T13-49-06_29A33185.jpg,
2026-07-20T13:49:06,79A33185,0.966,,
2026-07-20T13:49:07,99A33185,0.948,,
2026-07-20T13:49:07,79A11195,0.832,,
2026-07-20T13:49:07,99A31142,0.761,,
2026-07-20T13:49:07,9A21112,0.710,,
2026-07-20T13:49:07,29A13185,0.883,,
2026-07-20T13:49:07,79A32185,0.931,,
2026-07-20T13:49:07,99A11185,0.734,,
2026-07-20T13:49:07,6,0.862,,
2026-07-20T13:49:07,BA1111W,0.681,,
2026-07-20T13:49:08,79A33185,0.984,,
2026-07-20T13:49:08,29A33105,0.877,,
2026-07-20T13:49:08,29A33115,0.909,,
2026-07-20T13:49:08,SA33116,0.698,,
2026-07-20T13:49:09,2A131155,0.602,,
2026-07-20T13:49:10,1411,0.701,,
2026-07-20T13:49:10,79A33185,0.987,,
2026-07-20T13:49:10,99331185,0.641,,
2026-07-20T13:49:10,29A33185,0.984,,
2026-07-20T13:49:10,29A33185,0.984,,
2026-07-20T13:49:10,79A33143,0.804,,
2026-07-20T13:49:11,79A33185,0.994,captures/2026-07-20T13-49-11_79A33185.jpg,
2026-07-20T13:49:11,16A10115,0.713,,
2026-07-20T13:49:12,NP3231A,0.535,,
2026-07-20T13:55:42,M,0.848,,
2026-07-20T13:55:43,M111,0.668,,
2026-07-20T13:55:43,41D1,0.602,,
2026-07-20T13:55:43,FB113105,0.524,,
2026-07-20T13:55:43,291111,0.528,,
2026-07-20T13:55:43,13,0.671,,
2026-07-20T13:55:43,M411,0.591,,
2026-07-20T13:55:43,747,0.597,,
2026-07-20T13:55:43,49166,0.565,,
2026-07-20T13:55:43,J3111,0.591,,
2026-07-20T13:55:43,29A23103,0.916,,
2026-07-20T13:55:43,28A23105,0.800,,
2026-07-20T13:55:43,28A33145,0.852,,
2026-07-20T13:55:43,29A33105,0.956,,
2026-07-20T13:55:43,29A13163,0.875,,
2026-07-20T13:55:43,29A23105,0.949,,
2026-07-20T13:55:43,29A13105,0.813,,
2026-07-20T13:55:43,29A33145,0.862,,
2026-07-20T13:55:43,29A33185,0.904,,
2026-07-20T13:55:43,29A23185,0.902,,
2026-07-20T13:55:43,29A73165,0.912,,
2026-07-20T13:55:43,22A11155,0.540,,
2026-07-20T13:55:43,29A10155,0.810,,
2026-07-20T13:55:43,28A33111,0.793,,
2026-07-20T13:55:43,29A11135,0.733,,
2026-07-20T13:55:44,29A33163,0.870,,
2026-07-20T13:55:44,29A71105,0.875,,
2026-07-20T13:55:44,29A33117,0.830,,
2026-07-20T13:55:44,29A13115,0.901,,
2026-07-20T13:55:44,29A3311,0.878,,
2026-07-20T13:55:44,29A1110,0.824,,
2026-07-20T13:55:44,29A3331,0.846,,
2026-07-20T13:55:44,29A2311,0.906,,
2026-07-20T13:55:44,29A73147,0.822,,
2026-07-20T13:55:44,29A73108,0.910,,
2026-07-20T13:55:44,BA13115,0.625,,
2026-07-20T13:55:44,A214,0.800,,
2026-07-20T13:55:45,1_1,0.534,,
2026-07-20T13:55:45,7SN141,0.632,,
2026-07-20T13:55:45,29A73113,0.750,,
2026-07-20T13:55:45,23A10185,0.773,,
2026-07-20T13:55:45,29A33189,0.943,,
2026-07-20T13:55:45,29A33183,0.915,,
2026-07-20T13:55:45,23A10114,0.786,,
2026-07-20T13:55:45,CB123A,0.605,,
2026-07-20T13:55:45,14100,0.525,,
2026-07-20T13:55:45,20A246,0.539,,
2026-07-20T13:55:45,19_1T,0.547,,
2026-07-20T13:55:45,SA,0.538,,
2026-07-20T13:55:45,7311,0.538,,
2026-07-20T13:55:45,74A01165,0.558,,
2026-07-20T13:55:45,26A33115,0.907,,
2026-07-20T13:55:45,29A33188,0.920,,
2026-07-20T13:55:46,74A711,0.544,,
2026-07-20T13:55:46,451311,0.602,,
2026-07-20T13:55:46,291331_5,0.540,,
2026-07-20T13:55:46,99A33163,0.695,,
2026-07-20T13:55:46,99A33185,0.936,,
2026-07-20T13:55:46,9A331185,0.764,,
2026-07-20T13:55:46,9A33185,0.808,,
2026-07-20T13:55:46,29A33105,0.893,,
2026-07-20T13:55:46,29A37185,0.830,,
2026-07-20T13:55:46,29A33187,0.944,,
2026-07-20T13:55:46,79A37185,0.853,,
2026-07-20T13:55:46,29A33185,0.960,,
2026-07-20T13:55:46,29A3316,0.895,,
2026-07-20T13:55:46,79A33183,0.811,,
2026-07-20T13:55:46,99A31155,0.626,,
2026-07-20T13:55:46,2A331105,0.587,,
2026-07-20T13:55:47,79A33169,0.846,,
2026-07-20T13:55:47,29A13185,0.941,,
2026-07-20T13:55:47,79A33185,0.909,,
2026-07-20T13:55:47,ZA33119,0.836,,
2026-07-20T13:55:47,99A33105,0.893,,
2026-07-20T13:55:47,9A331105,0.736,,
2026-07-20T13:55:47,79A33189,0.878,,
2026-07-20T13:55:47,79A33188,0.943,,
2026-07-20T13:55:47,29A23185,0.887,,
2026-07-20T13:55:47,29A31185,0.898,,
2026-07-20T13:55:47,29A33165,0.926,,
2026-07-20T13:55:48,29A33181,0.964,,
2026-07-20T13:55:48,19A97195,0.847,,
2026-07-20T13:55:48,BA_114,0.596,,
2026-07-20T13:55:48,29A3118,0.857,,
2026-07-20T13:55:48,79A21181,0.823,,
2026-07-20T13:55:48,9913118,0.617,,
2026-07-20T13:55:49,79A73185,0.886,,
2026-07-20T13:55:49,BA33185,0.835,,
2026-07-20T13:55:49,99A31185,0.851,,
2026-07-20T13:55:49,29A31188,0.860,,
2026-07-20T13:55:49,29A51181,0.729,,
2026-07-20T13:55:49,29A11162,0.756,,
2026-07-20T13:55:49,29A11155,0.829,,
2026-07-20T13:55:49,29A11102,0.806,,
2026-07-20T13:55:49,29A3711,0.769,,
2026-07-20T13:55:49,XPA371R,0.755,,
2026-07-20T13:55:49,69A33188,0.823,,
2026-07-20T13:55:49,BA4311,0.654,,
2026-07-20T13:55:49,19A33115,0.866,,
2026-07-20T13:55:49,SA331255,0.757,,
2026-07-20T13:55:49,19A33185,0.970,,
2026-07-20T13:55:49,9A3311,0.638,,
2026-07-20T13:55:49,BA5311,0.667,,
2026-07-20T13:55:49,JD2411E,0.623,,
2026-07-20T13:56:08,K,0.920,,
2026-07-20T13:56:09,__113V,0.560,,
2026-07-20T13:56:09,04133E,0.587,,
2026-07-20T13:56:09,33,0.652,,
2026-07-20T13:56:09,241111,0.641,,
2026-07-20T13:56:09,29A33165,0.917,,
2026-07-20T13:56:09,29A33185,0.993,captures/2026-07-20T13-56-09_29A33185.jpg,
2026-07-20T13:56:09,29A33195,0.849,,
2026-07-20T13:56:09,GA731154,0.617,,
2026-07-20T13:56:09,261466,0.546,,
2026-07-20T13:56:09,23A1011,0.671,,
2026-07-20T13:56:09,29A31155,0.725,,
2026-07-20T13:56:09,29333195,0.603,,
2026-07-20T13:56:09,79A33185,0.996,captures/2026-07-20T13-56-09_79A33185.jpg,
2026-07-20T13:56:09,29A30145,0.908,,
2026-07-20T13:56:09,23A13115,0.573,,
2026-07-20T13:56:10,23K3311,0.618,,
2026-07-20T13:56:10,25A33115,0.819,,
2026-07-20T13:56:10,29A13145,0.810,,
2026-07-20T13:56:10,2G11114,0.581,,
2026-07-20T13:56:10,29A33135,0.782,,
2026-07-20T13:56:10,2A333115,0.580,,
2026-07-20T13:56:10,29A33115,0.847,,
2026-07-20T13:56:10,29A33105,0.940,,
2026-07-20T13:56:10,191331,0.539,,
2026-07-20T13:56:10,13114,0.757,,
2026-07-20T13:56:10,73A13115,0.568,,
2026-07-20T13:56:10,3A331195,0.591,,
2026-07-20T13:56:10,9A33185,0.875,,
2026-07-20T13:56:11,9A331155,0.716,,
2026-07-20T13:56:11,29A33155,0.785,,
2026-07-20T13:56:11,29A33149,0.804,,
2026-07-20T13:56:12,19A33185,0.950,,
2026-07-20T13:56:12,29A33185,0.998,captures/2026-07-20T13-56-12_29A33185.jpg,
2026-07-20T13:56:12,29A33189,0.857,,
2026-07-20T13:56:12,29A13185,0.854,,
2026-07-20T13:56:12,2AA33185,0.738,,
2026-07-20T13:56:12,BA3714,0.681,,
2026-07-20T13:56:12,29A37183,0.836,,
2026-07-20T13:56:13,2A331185,0.669,,
2026-07-20T13:56:14,SM3311,0.616,,
2026-07-20T13:56:14,N,0.941,,
2026-07-20T13:56:14,29A33105,0.868,,
2026-07-20T13:56:14,29A13142,0.833,,
2026-07-20T13:56:14,2_A__1,0.612,,
2026-07-20T13:56:14,29,0.729,,
2026-07-20T13:56:14,BA_1115,0.660,,
2026-07-20T13:56:14,BAA1116,0.666,,
2026-07-20T13:56:14,76AA1185,0.702,,
2026-07-20T13:56:14,BAA11155,0.568,,
2026-07-20T13:56:15,79A33185,0.991,captures/2026-07-20T13-56-15_79A33185.jpg,
2026-07-20T13:56:15,29A33185,0.999,captures/2026-07-20T13-56-15_29A33185.jpg,
2026-07-20T13:56:15,29A33185,1.000,captures/2026-07-20T13-56-15_29A33185.jpg,
2026-07-20T13:56:15,99A33185,0.942,,
2026-07-20T13:56:16,BA33165,0.894,,
2026-07-20T13:56:24,2011,0.778,,
2026-07-20T13:56:24,M331,0.587,,
2026-07-20T13:56:24,1711,0.747,,
2026-07-20T13:56:24,PA33116,0.636,,
2026-07-20T13:56:24,VA111022,0.687,,
2026-07-20T13:56:24,___11,0.623,,
2026-07-20T13:56:24,NBD111,0.639,,
2026-07-20T13:56:24,WUW1116,0.535,,
2026-07-20T13:56:24,K1111,0.745,,
2026-07-20T13:56:24,K__11,0.749,,
2026-07-20T13:56:24,7111113,0.599,,
2026-07-20T13:56:24,6421155,0.661,,
2026-07-20T13:56:24,_111,0.752,,
2026-07-20T13:56:24,3411,0.695,,
2026-07-20T13:56:24,2411,0.679,,
2026-07-20T13:56:24,15777,0.559,,
2026-07-20T13:56:24,4981,0.617,,
2026-07-20T13:56:24,4777,0.522,,
2026-07-20T13:56:25,SN371C,0.669,,
2026-07-20T13:56:25,ZA13014,0.505,,
2026-07-20T13:56:25,SN2331TE,0.647,,
2026-07-20T13:56:25,28714,0.609,,
2026-07-20T13:56:25,3461,0.595,,
2026-07-20T13:56:25,29A31185,0.884,,
2026-07-20T13:56:25,29A33185,0.864,,
2026-07-20T13:56:25,26A10113,0.578,,
2026-07-20T13:56:25,___2,0.510,,
2026-07-20T13:56:25,19,0.583,,
2026-07-20T13:56:25,____7,0.533,,
2026-07-20T13:56:25,3933116,0.740,,
2026-07-20T13:56:25,79A33185,0.987,,
2026-07-20T13:56:26,99A33185,0.931,,
2026-07-20T13:56:26,19A33185,0.940,,
2026-07-20T13:56:27,39A33185,0.948,,
2026-07-20T13:56:27,SA331155,0.685,,
2026-07-20T13:56:28,29A33185,0.954,,
2026-07-20T13:56:28,SA331855,0.808,,
2026-07-20T13:56:29,79A33185,0.896,,
2026-07-20T13:56:29,49A33114,0.774,,
2026-07-20T13:56:29,V271,0.548,,
2026-07-20T13:56:29,AJ4277,0.533,,
2026-07-20T13:57:37,__07,0.540,,
2026-07-20T13:57:37,3882,0.545,,
2026-07-20T13:57:37,D_344,0.618,,
2026-07-20T13:57:37,DAK988,0.547,,
2026-07-20T13:57:37,3HF133,0.535,,
2026-07-20T13:57:37,30C124,0.623,,
2026-07-20T13:57:37,SUF7444,0.567,,
2026-07-20T13:57:37,34133,0.509,,
2026-07-20T13:57:38,GAY1063,0.883,,
2026-07-20T13:57:38,GAV1063,0.988,,
2026-07-20T13:57:38,50Z144,0.502,,
2026-07-20T13:57:38,SHP733,0.510,,
2026-07-20T13:57:38,C_T334,0.526,,
2026-07-20T13:57:38,GAV1644,0.905,,
2026-07-20T13:57:38,BVP163,0.525,,
2026-07-20T13:57:38,EAT1064,0.935,,
2026-07-20T13:57:38,GYV1063,0.768,,
2026-07-20T13:57:38,GAV1064,0.953,,
2026-07-20T13:57:38,GY1063,0.679,,
2026-07-20T13:57:38,GAV1054,0.926,,
2026-07-20T13:57:38,EAY1064,0.983,,
2026-07-20T13:57:38,GAY7063,0.968,,
2026-07-20T13:57:38,CAV1064,0.916,,
2026-07-20T13:57:39,GAV1863,0.963,,
2026-07-20T13:57:39,GAY1064,0.949,,
2026-07-20T13:57:39,6I1234,0.699,,
2026-07-20T13:57:39,GAV7063,0.976,,
2026-07-20T13:57:39,6VY1044,0.715,,
2026-07-20T13:57:39,EAY7041,0.772,,
2026-07-20T13:57:39,EA_106,0.695,,
2026-07-20T13:57:39,EJV1063,0.900,,
2026-07-20T13:57:39,6AY1044,0.922,,
2026-07-20T13:57:39,EIP405,0.666,,
2026-07-20T13:57:39,EAV1064,0.945,,
2026-07-20T13:57:40,6AV1064,0.945,,
2026-07-20T13:57:40,GAV1043,0.855,,
2026-07-20T13:57:40,GIY1064,0.914,,
2026-07-20T13:57:40,GAV1053,0.971,,
2026-07-20T13:57:40,CAY7063,0.914,,
2026-07-20T13:57:40,61Y1063,0.697,,
2026-07-20T13:57:40,EAT7064,0.888,,
2026-07-20T13:57:40,EAY1063,0.851,,
2026-07-20T13:57:40,GAT1022,0.892,,
2026-07-20T13:57:41,CAV1063,0.999,captures/2026-07-20T13-57-41_CAV1063.jpg,
2026-07-20T13:57:41,GAV1063,0.903,,
2026-07-20T13:57:41,CXT7044,0.548,,
2026-07-20T13:57:41,ETT7444,0.640,,
2026-07-20T13:57:41,GIV1044,0.692,,
2026-07-20T13:57:41,GAY1063,0.953,,
2026-07-20T13:57:41,EAY1264,0.836,,
2026-07-20T13:57:41,GAV1064,0.983,,
2026-07-20T13:57:41,GAP1064,0.942,,
2026-07-20T13:57:41,GNY1054,0.900,,
2026-07-20T13:57:42,EAV1063,0.943,,
2026-07-20T13:57:42,EIV1054,0.853,,
2026-07-20T13:57:42,GVV103,0.758,,
2026-07-20T13:57:42,GYX1863,0.695,,
2026-07-20T13:57:42,KAY1464,0.774,,
2026-07-20T13:57:43,6AV1064,0.998,captures/2026-07-20T13-57-43_6AV1064.jpg,
2026-07-20T13:57:43,EIV1064,0.843,,
2026-07-20T13:57:43,BYN1064,0.802,,
2026-07-20T13:57:43,SAY1063,0.535,,
2026-07-20T13:57:43,GAV1044,0.886,,
2026-07-20T13:57:43,GMV1063,0.879,,
2026-07-20T13:57:43,BTF705,0.632,,
2026-07-20T13:57:43,3K_34,0.530,,
2026-07-20T13:57:44,GAT1064,0.851,,
2026-07-20T13:57:44,GAV1063,0.983,,
2026-07-20T13:57:44,GAV1064,1.000,captures/2026-07-20T13-57-44_GAV1064.jpg,
2026-07-20T13:57:44,GAY1063,0.951,,
2026-07-20T13:57:45,EAT1033,0.823,,
2026-07-20T13:57:45,CAV1063,0.950,,
2026-07-20T13:57:45,GAV1003,0.940,,
2026-07-20T13:57:46,6AV1064,0.957,,
2026-07-20T13:57:46,EAY1063,0.853,,
2026-07-20T13:57:46,GAV1064,1.000,captures/2026-07-20T13-57-46_GAV1064.jpg,
2026-07-20T13:57:46,EAV1063,0.964,,
2026-07-20T13:57:46,5AV1063,0.844,,
2026-07-20T13:57:47,GAV1063,0.988,,
2026-07-20T13:57:47,GAV1054,0.988,,
2026-07-20T13:57:47,GAV1064,0.994,captures/2026-07-20T13-57-47_GAV1064.jpg,
2026-07-20T13:57:47,EAV1054,0.922,,
2026-07-20T13:57:47,GAV7063,0.909,,
2026-07-20T13:57:47,EAI1063,0.789,,
2026-07-20T13:57:47,GAY1054,0.942,,
2026-07-20T13:57:47,EAV1864,0.937,,
2026-07-20T13:57:48,EXT1033,0.781,,
2026-07-20T13:57:48,BAY1063,0.924,,
2026-07-20T13:57:48,GAY1063,0.988,,
2026-07-20T13:57:49,ZAV1063,0.804,,
2026-07-20T13:57:49,BAY1003,0.819,,
2026-07-20T13:57:49,6AV1064,0.992,captures/2026-07-20T13-57-49_6AV1064.jpg,
2026-07-20T13:57:50,GAV1063,0.999,captures/2026-07-20T13-57-50_GAV1063.jpg,
2026-07-20T13:57:50,GAV1064,1.000,captures/2026-07-20T13-57-50_GAV1064.jpg,
2026-07-20T13:57:50,GAV1064,1.000,captures/2026-07-20T13-57-50_GAV1064.jpg,
2026-07-20T13:57:51,AAV1063,0.957,,
2026-07-20T13:57:51,BY1144,0.587,,
2026-07-20T13:57:51,SIV1063,0.671,,
2026-07-20T13:58:59,W4,0.708,,
2026-07-20T13:58:59,AA1,0.541,,
2026-07-20T13:58:59,L3553,0.590,,
2026-07-20T13:58:59,13S53,0.603,,
2026-07-20T13:58:59,19TB8739,0.946,,
2026-07-20T13:58:59,111D20444,0.587,,
2026-07-20T13:58:59,111D20044,0.502,,
2026-07-20T13:58:59,WFJ96R,0.622,,
2026-07-20T13:58:59,14M979,0.516,,
2026-07-20T13:59:00,ATL117,0.503,,
2026-07-20T13:59:00,29A13700,0.529,,
2026-07-20T13:59:00,29TA3876,0.993,captures/2026-07-20T13-59-00_29TA3876.jpg,
2026-07-20T13:59:00,6H76739,0.564,,
2026-07-20T13:59:00,29TA3387,0.662,,
2026-07-20T13:59:00,129C28944,0.597,,
2026-07-20T13:59:00,A1LWNV,0.530,,
2026-07-20T13:59:00,H829TA3876,0.903,,
2026-07-20T13:59:00,129228844,0.524,,
2026-07-20T13:59:00,AMK111,0.510,,
2026-07-20T13:59:00,HR29TA3876,0.938,,
2026-07-20T13:59:00,BA29C2884,0.594,,
2026-07-20T13:59:00,BA222884,0.504,,
2026-07-20T13:59:00,AT11N1M,0.518,,
2026-07-20T13:59:00,129DW2944,0.520,,
2026-07-20T13:59:00,042M22094,0.511,,
2026-07-20T13:59:00,A710MYA,0.660,,
2026-07-20T13:59:00,BA2922894,0.583,,
2026-07-20T13:59:00,A7140DA,0.673,,
2026-07-20T13:59:00,B82922894,0.571,,
2026-07-20T13:59:00,19TR6739,1.000,captures/2026-07-20T13-59-00_19TR6739.jpg,
2026-07-20T13:59:01,BR29CK289,0.710,,
2026-07-20T13:59:01,ATTU071,0.698,,
2026-07-20T13:59:01,BR29C2894,0.827,,
2026-07-20T13:59:01,A714WDA,0.664,,
2026-07-20T13:59:01,19TR6739,1.000,captures/2026-07-20T13-59-01_19TR6739.jpg,
2026-07-20T13:59:01,BA2922094,0.744,,
2026-07-20T13:59:01,AT00D14,0.670,,
2026-07-20T13:59:01,6739,0.895,,
2026-07-20T13:59:01,BR29D2894,0.717,,
2026-07-20T13:59:01,A1TLW71,0.530,,
2026-07-20T13:59:01,A711NHM,0.604,,
2026-07-20T13:59:01,119TR6739,0.957,,
2026-07-20T13:59:01,A7X4LA,0.536,,
2026-07-20T13:59:01,0129DZ444,0.560,,
2026-07-20T13:59:01,A710UTA,0.556,,
2026-07-20T13:59:01,B129CZ284,0.618,,
2026-07-20T13:59:01,AY407L,0.611,,
2026-07-20T13:59:01,219TR6739,0.924,,
2026-07-20T13:59:01,B12CD2094,0.555,,
2026-07-20T13:59:01,A1LNBAA,0.528,,
2026-07-20T13:59:01,HR29TA38,0.921,,
2026-07-20T13:59:01,BR29C2654,0.678,,
2026-07-20T13:59:01,AR29TA3876,0.889,,
2026-07-20T13:59:01,B829M22994,0.568,,
2026-07-20T13:59:01,A711BY,0.509,,
2026-07-20T13:59:01,BR29B2284,0.747,,
2026-07-20T13:59:01,ATTLW71,0.574,,
2026-07-20T13:59:01,BR29CX2894,0.740,,
2026-07-20T13:59:01,BR29D2884,0.662,,
2026-07-20T13:59:02,BR29D2284,0.827,,
2026-07-20T13:59:02,BR29CW299,0.790,,
2026-07-20T13:59:02,BM29TA3,0.735,,
2026-07-20T13:59:02,BR29C22994,0.668,,
2026-07-20T13:59:02,BR29DX294,0.777,,
2026-07-20T13:59:02,BR29TA3876,0.790,,
2026-07-20T13:59:02,ATLW774,0.520,,
2026-07-20T13:59:02,BR29CW289,0.798,,
2026-07-20T13:59:02,B129WX284,0.751,,
2026-07-20T13:59:02,AM1W774,0.537,,
2026-07-20T13:59:02,BR29WX2894,0.827,,
2026-07-20T13:59:02,AWIL1711,0.542,,
2026-07-20T13:59:02,BR29C2294,0.819,,
2026-07-20T13:59:02,BR29D2294,0.714,,
2026-07-20T13:59:02,A714DMM,0.653,,
2026-07-20T13:59:02,BR29W2894,0.669,,
2026-07-20T13:59:02,A7LWDAA,0.515,,
2026-07-20T13:59:02,11TR66739,0.772,,
2026-07-20T13:59:02,BR2922884,0.720,,
2026-07-20T13:59:02,BR29W2294,0.842,,
2026-07-20T13:59:02,A71LWDM,0.541,,
2026-07-20T13:59:02,BR29CK2894,0.770,,
2026-07-20T13:59:02,A7101PM,0.681,,
2026-07-20T13:59:02,6R29CK2894,0.836,,
2026-07-20T13:59:03,BR29CK284,0.776,,
2026-07-20T13:59:03,111TR6739,0.858,,
2026-07-20T13:59:03,BR29DX2894,0.829,,
2026-07-20T13:59:03,419TR6739,0.923,,
2026-07-20T13:59:03,A71LW7N,0.654,,
2026-07-20T13:59:03,11TRR6739,0.758,,
2026-07-20T13:59:03,A7310DM,0.529,,
2026-07-20T13:59:03,B829C2294,0.692,,
2026-07-20T13:59:03,6R29CX2894,0.856,,
2026-07-20T13:59:03,A714BDL,0.624,,
2026-07-20T13:59:03,BR29CX289,0.834,,
2026-07-20T13:59:03,A711WYP,0.505,,
2026-07-20T13:59:03,A714WDW,0.514,,
2026-07-20T13:59:03,A71LD71,0.608,,
2026-07-20T13:59:03,BR29DX894,0.772,,
2026-07-20T13:59:03,AT14BPA,0.524,,
2026-07-20T13:59:03,A740MP,0.557,,
2026-07-20T13:59:03,BR29DX284,0.825,,
2026-07-20T13:59:03,ATL401A,0.629,,
2026-07-20T13:59:03,A710DDM,0.661,,
2026-07-20T13:59:03,BR29CX2844,0.786,,
2026-07-20T13:59:03,A71LWPM,0.601,,
2026-07-20T13:59:03,A71U07M,0.604,,
2026-07-20T13:59:03,11TR6733,0.800,,
2026-07-20T13:59:04,19TR6739,0.999,captures/2026-07-20T13-59-04_19TR6739.jpg,
2026-07-20T13:59:04,BR29CK2844,0.789,,
2026-07-20T13:59:04,A73LWTA,0.647,,
2026-07-20T13:59:04,TN12BX6783,0.925,,
2026-07-20T13:59:04,BR29CX2694,0.922,,
2026-07-20T13:59:04,AL714MA,0.565,,
2026-07-20T13:59:04,BR29DZ2894,0.795,,
2026-07-20T13:59:04,AT1L671,0.525,,
2026-07-20T13:59:04,119TR6739,0.787,,
2026-07-20T13:59:04,A71L070,0.506,,
2026-07-20T13:59:04,BR29DZ294,0.836,,
2026-07-20T13:59:04,AYL671,0.544,,
2026-07-20T13:59:04,A7XCW71,0.575,,
2026-07-20T13:59:04,BR29W2694,0.870,,
2026-07-20T13:59:04,219TR6739,0.929,,
2026-07-20T13:59:04,ATX4672,0.585,,
2026-07-20T13:59:04,B829WZ294,0.733,,
2026-07-20T13:59:04,ATL071,0.548,,
2026-07-20T13:59:04,BR29CX2894,0.923,,
2026-07-20T13:59:04,11TR6773,0.750,,
2026-07-20T13:59:04,A71407N,0.530,,
2026-07-20T13:59:05,ATLW074,0.580,,
2026-07-20T13:59:05,11TRR7739,0.719,,
2026-07-20T13:59:05,BR29CX284,0.832,,
2026-07-20T13:59:05,A71447M,0.538,,
2026-07-20T13:59:05,ATUW019,0.563,,
2026-07-20T13:59:05,8R29CX2894,0.808,,
2026-07-20T13:59:05,A710DD1,0.607,,
2026-07-20T13:59:05,HR29TA3876,0.987,,
2026-07-20T13:59:05,BR29DX2994,0.825,,
2026-07-20T13:59:05,A714DPM,0.688,,
2026-07-20T13:59:05,ATU0D1,0.551,,
2026-07-20T13:59:05,BR29WX284,0.804,,
2026-07-20T13:59:05,BR29WX2894,0.728,,
2026-07-20T13:59:05,AT1400A,0.645,,
2026-07-20T13:59:05,A710MD1,0.511,,
2026-07-20T13:59:05,A751CP,0.591,,
2026-07-20T13:59:05,A71L41A,0.514,,
2026-07-20T13:59:05,8R29CX294,0.665,,
2026-07-20T13:59:05,A714KYA,0.598,,
2026-07-20T13:59:05,BR29CX294,0.564,,
2026-07-20T13:59:05,19TR6739,1.000,captures/2026-07-20T13-59-05_19TR6739.jpg,
2026-07-20T13:59:05,ATIL674,0.581,,
2026-07-20T13:59:05,BR29W2894,0.897,,
2026-07-20T13:59:06,ATKLL7A,0.545,,
2026-07-20T13:59:06,8R29DX2894,0.745,,
2026-07-20T13:59:06,ATL181A,0.534,,
2026-07-20T13:59:06,A7144DA,0.629,,
2026-07-20T13:59:06,BR29CK2894,0.868,,
2026-07-20T13:59:06,BR29DX2894,0.837,,
2026-07-20T13:59:06,111TR6739,0.847,,
2026-07-20T13:59:06,BR29CW299,0.767,,
2026-07-20T13:59:06,AT1107M,0.549,,
2026-07-20T13:59:06,BR29W2294,0.765,,
2026-07-20T13:59:06,AT14WPAN,0.562,,
2026-07-20T13:59:06,A73L8PAM,0.610,,
2026-07-20T13:59:06,19TR6733,0.784,,
2026-07-20T13:59:06,AW1447M,0.625,,
2026-07-20T13:59:06,BR29CW284,0.827,,
2026-07-20T13:59:06,A174W7A,0.541,,
2026-07-20T13:59:06,BR29QX2994,0.794,,
2026-07-20T13:59:06,111RR779,0.583,,
2026-07-20T13:59:06,BR29DW284,0.765,,
2026-07-20T13:59:06,ATTLW7M,0.552,,
2026-07-20T13:59:07,BR29CW2894,0.745,,
2026-07-20T13:59:07,A71ULYE,0.690,,
2026-07-20T13:59:07,AT1100A,0.519,,
2026-07-20T13:59:07,BR29D2294,0.553,,
2026-07-20T13:59:07,A71LWDM,0.635,,
2026-07-20T13:59:07,19TR6739,1.000,captures/2026-07-20T13-59-07_19TR6739.jpg,
2026-07-20T13:59:07,BR29C2294,0.756,,
2026-07-20T13:59:07,AT1117A,0.537,,
2026-07-20T13:59:07,6R29CK2894,0.721,,
2026-07-20T13:59:07,A710LYA,0.652,,
2026-07-20T13:59:07,A71LODA,0.586,,
2026-07-20T13:59:07,HR29TA387G,0.958,,
2026-07-20T13:59:07,BR29D2894,0.869,,
2026-07-20T13:59:07,A7LW77,0.550,,
2026-07-20T13:59:07,BR29D2284,0.894,,
2026-07-20T13:59:07,ATU117A,0.584,,
2026-07-20T13:59:07,BA29DZ2894,0.753,,
2026-07-20T13:59:07,AMLW071,0.543,,
2026-07-20T13:59:07,BR29W2884,0.738,,
2026-07-20T13:59:07,A7XL07A,0.620,,
2026-07-20T13:59:07,BR29C2894,0.838,,
2026-07-20T13:59:07,2829AA38,0.523,,
2026-07-20T13:59:08,BR29CZ2894,0.744,,
2026-07-20T13:59:08,A711OTM,0.758,,
2026-07-20T13:59:08,BR29CX2894,0.885,,
2026-07-20T13:59:08,A71U01,0.506,,
2026-07-20T13:59:08,119TR6739,0.975,,
2026-07-20T13:59:08,BR29CX284,0.893,,
2026-07-20T13:59:08,HR29TA3876,0.994,captures/2026-07-20T13-59-08_HR29TA3876.jpg,
2026-07-20T13:59:08,BR29EX284,0.784,,
2026-07-20T13:59:08,AT1107A,0.588,,
2026-07-20T13:59:08,BR29C2284,0.838,,
2026-07-20T13:59:08,4714CPA,0.638,,
2026-07-20T13:59:08,19TRR6739,0.767,,
2026-07-20T13:59:08,BR29DX284,0.835,,
2026-07-20T13:59:08,A710UYA,0.781,,
2026-07-20T13:59:08,A71LADM,0.601,,
2026-07-20T13:59:08,BR2922894,0.568,,
2026-07-20T13:59:08,AT1L47A,0.517,,
2026-07-20T13:59:08,BR29M2994,0.660,,
2026-07-20T13:59:08,AMU47A,0.558,,
2026-07-20T13:59:08,B12WW2894,0.643,,
2026-07-20T13:59:08,11TR67739,0.745,,
2026-07-20T13:59:08,L7XLWTW,0.618,,
2026-07-20T13:59:09,B129DX284,0.632,,
2026-07-20T13:59:09,A716WDA,0.605,,
2026-07-20T13:59:09,B829W2294,0.747,,
2026-07-20T13:59:09,HB29TA3876,0.848,,
2026-07-20T13:59:09,BR2W22894,0.655,,
2026-07-20T13:59:09,11TTR6739,0.740,,
2026-07-20T13:59:09,7714ADM,0.591,,
2026-07-20T13:59:09,29TA3876,1.000,captures/2026-07-20T13-59-09_29TA3876.jpg,
2026-07-20T13:59:09,1829D2294,0.719,,
2026-07-20T13:59:09,AM4407A,0.524,,
2026-07-20T13:59:09,A29W28444,0.541,,
2026-07-20T13:59:09,A74LNTA,0.527,,
2026-07-20T13:59:09,A2D2884,0.602,,
2026-07-20T13:59:09,19TB6739,0.997,captures/2026-07-20T13-59-09_19TB6739.jpg,
2026-07-20T13:59:09,A710UDA,0.626,,
2026-07-20T13:59:09,HR29AA387,0.695,,
2026-07-20T13:59:09,B12W22844,0.550,,
2026-07-20T13:59:09,A7146JA,0.578,,
2026-07-20T13:59:09,H829TA386,0.641,,
2026-07-20T13:59:09,882922894,0.621,,
2026-07-20T13:59:09,AMU111,0.592,,
2026-07-20T13:59:09,BA29DX094,0.712,,
2026-07-20T13:59:09,ATL177,0.547,,
2026-07-20T13:59:09,AT11BYA,0.618,,
2026-07-20T13:59:09,BR29WZ294,0.735,,
2026-07-20T13:59:09,1829W2884,0.624,,
2026-07-20T13:59:09,A731N022,0.561,,
2026-07-20T13:59:10,BR29Q2894,0.742,,
2026-07-20T13:59:10,AT06674,0.505,,
2026-07-20T13:59:10,19TR6739,1.000,captures/2026-07-20T13-59-10_19TR6739.jpg,
2026-07-20T13:59:10,BR29W2294,0.780,,
2026-07-20T13:59:10,BA29C2294,0.613,,
2026-07-20T13:59:10,A7114AA,0.581,,
2026-07-20T13:59:10,BA2922894,0.668,,
2026-07-20T13:59:10,19TR67339,0.944,,
2026-07-20T13:59:10,AT10T1,0.518,,
2026-07-20T13:59:10,BR29222844,0.594,,
2026-07-20T13:59:10,19TR6739,0.995,captures/2026-07-20T13-59-10_19TR6739.jpg,
2026-07-20T13:59:10,BR29DK2894,0.891,,
2026-07-20T13:59:10,A714ADA,0.622,,
2026-07-20T13:59:10,219TR6739,0.920,,
2026-07-20T13:59:10,BR29CX289,0.820,,
2026-07-20T13:59:10,ATI1W74,0.587,,
2026-07-20T13:59:10,BR29QX2894,0.890,,
2026-07-20T13:59:10,AT1LB7A,0.761,,
2026-07-20T13:59:10,BR29EK2894,0.915,,
2026-07-20T13:59:10,AT1111M,0.537,,
2026-07-20T13:59:10,A76LATN,0.557,,
2026-07-20T13:59:10,BR29CK2894,0.945,,
2026-07-20T13:59:10,A711DDA,0.569,,
2026-07-20T13:59:10,BR29CK2_94,0.832,,
2026-07-20T13:59:10,A714WDA,0.646,,
2026-07-20T13:59:11,AW1411M,0.570,,
2026-07-20T13:59:11,BR29DX294,0.829,,
2026-07-20T13:59:11,BR29QX284,0.866,,
2026-07-20T13:59:11,A732M7A,0.563,,
2026-07-20T13:59:11,A714EM,0.551,,
2026-07-20T13:59:11,BR29CX284,0.830,,
2026-07-20T13:59:11,AT1KND2,0.511,,
2026-07-20T13:59:11,HR29TA3876,0.991,captures/2026-07-20T13-59-11_HR29TA3876.jpg,
2026-07-20T13:59:11,TN12BX6783,0.952,,
2026-07-20T13:59:11,BR29CW294,0.769,,
2026-07-20T13:59:11,AW14674,0.504,,
2026-07-20T13:59:11,A71LNY,0.511,,
2026-07-20T13:59:11,BR29GK2894,0.887,,
2026-07-20T13:59:11,A714DDA,0.691,,
2026-07-20T13:59:11,BR29CX2894,0.933,,
2026-07-20T13:59:11,AT10C1N,0.595,,
2026-07-20T13:59:11,AT1L871,0.600,,
2026-07-20T13:59:11,ATU171,0.541,,
2026-07-20T13:59:11,111TR6739,0.773,,
2026-07-20T13:59:12,ATXL47A,0.558,,
2026-07-20T13:59:12,119TR6739,0.754,,
2026-07-20T13:59:12,A71L072,0.507,,
2026-07-20T13:59:12,BR29WZ2894,0.794,,
2026-07-20T13:59:12,A714BDA,0.600,,
2026-07-20T13:59:12,BR29WX2894,0.870,,
2026-07-20T13:59:12,AW14011,0.516,,
2026-07-20T13:59:12,AW11DPA,0.761,,
2026-07-20T13:59:12,11TRR7739,0.694,,
2026-07-20T13:59:12,A710DPA,0.664,,
2026-07-20T13:59:12,AZ116BA,0.538,,
2026-07-20T13:59:12,A750GPL,0.660,,
2026-07-20T13:59:12,BR29CW289,0.855,,
2026-07-20T13:59:12,AY14211,0.568,,
2026-07-20T13:59:12,A73LDD1,0.518,,
2026-07-20T13:59:12,BR29WX294,0.734,,
2026-07-20T13:59:12,A711NDA,0.697,,
2026-07-20T13:59:12,A71LW7M,0.596,,
2026-07-20T13:59:12,A714WPA,0.728,,
2026-07-20T13:59:13,BH29C2894,0.765,,
2026-07-20T13:59:13,AT11ADM,0.504,,
2026-07-20T13:59:13,8R29WX294,0.911,,
2026-07-20T13:59:13,AT12GPM,0.591,,
2026-07-20T13:59:13,A7114YM,0.667,,
2026-07-20T13:59:13,BR29QX289,0.863,,
2026-07-20T13:59:13,A714UDM,0.637,,
2026-07-20T13:59:13,ATIL07,0.587,,
2026-07-20T13:59:13,BR29WX2994,0.881,,
2026-07-20T13:59:13,ALKL471,0.520,,
2026-07-20T13:59:13,A711DAA,0.722,,
2026-07-20T13:59:13,A11007N,0.553,,
2026-07-20T13:59:13,AT1101M,0.557,,
2026-07-20T13:59:13,BR29CK2894,0.941,,
2026-07-20T13:59:14,BR29QX2894,0.964,,
2026-07-20T13:59:14,AWLW07,0.551,,
2026-07-20T13:59:14,ANL471,0.590,,
2026-07-20T13:59:14,219TR6739,0.937,,
2026-07-20T13:59:14,ANL811,0.609,,
2026-07-20T13:59:14,BR29CZ294,0.884,,
2026-07-20T13:59:14,BA29CX2894,0.883,,
2026-07-20T13:59:14,AML2111,0.583,,
2026-07-20T13:59:14,A73LD71,0.537,,
2026-07-20T13:59:14,19TR6733,0.829,,
2026-07-20T13:59:14,AT1LW7A,0.509,,
2026-07-20T13:59:14,BR29EX2894,0.923,,
2026-07-20T13:59:14,AXL014,0.547,,
2026-07-20T13:59:14,A144D7,0.525,,
2026-07-20T13:59:14,ATM1674,0.503,,
2026-07-20T13:59:14,BR29WX289,0.771,,
2026-07-20T13:59:14,A714UTA,0.519,,
2026-07-20T13:59:14,ATT4471,0.538,,
2026-07-20T13:59:14,TN12DX6783,0.859,,
2026-07-20T13:59:14,TN12BX6783,0.925,,
2026-07-20T13:59:14,ATXL072,0.537,,
2026-07-20T13:59:15,BR29CX2894,0.963,,
2026-07-20T13:59:15,AAY1011,0.540,,
2026-07-20T13:59:15,11TR6733,0.783,,
2026-07-20T13:59:15,BR29DZ2894,0.788,,
2026-07-20T13:59:15,A7YLW7AA,0.536,,
2026-07-20T13:59:15,HR29TA3876,0.988,,
2026-07-20T13:59:15,ATL477M,0.509,,
2026-07-20T13:59:15,BR29QK2894,0.961,,
2026-07-20T13:59:15,A71LW711,0.553,,
2026-07-20T13:59:15,119TR6739,0.925,,
2026-07-20T13:59:15,A7KLAPM,0.600,,
2026-07-20T13:59:15,HR29TA38_6,0.833,,
2026-07-20T13:59:15,A710B7A,0.580,,
2026-07-20T13:59:15,111T6673,0.586,,
2026-07-20T13:59:15,BR29CW2894,0.874,,
2026-07-20T13:59:15,1R29TA3876,0.824,,
2026-07-20T13:59:15,ATL467M,0.518,,
2026-07-20T13:59:15,AW10DJA,0.579,,
2026-07-20T13:59:15,A710BPL,0.526,,
2026-07-20T13:59:15,A71447AA,0.589,,
2026-07-20T13:59:15,A711WY1,0.556,,
2026-07-20T13:59:16,BR29C2294,0.692,,
2026-07-20T13:59:16,AT11BDM,0.678,,
2026-07-20T13:59:16,419TR6739,0.922,,
2026-07-20T13:59:16,TN12BX6780,0.908,,
2026-07-20T13:59:16,A710BDA,0.593,,
2026-07-20T13:59:16,BR29CX294,0.808,,
2026-07-20T13:59:16,AT11D7H,0.538,,
2026-07-20T13:59:16,ANLW67A,0.638,,
2026-07-20T13:59:16,BR29WX294,0.857,,
2026-07-20T13:59:16,AY1LDDA,0.658,,
2026-07-20T13:59:16,BR29CX2994,0.920,,
2026-07-20T13:59:16,ATX0111,0.535,,
2026-07-20T13:59:16,BR29GK2894,0.943,,
2026-07-20T13:59:16,BR29CK289,0.892,,
2026-07-20T13:59:16,AT110DA,0.582,,
2026-07-20T13:59:16,BR29CX284,0.855,,
2026-07-20T13:59:16,AT14LAA,0.540,,
2026-07-20T13:59:16,BR29CK294,0.891,,
2026-07-20T13:59:16,BR29WX284,0.809,,
2026-07-20T13:59:17,BR29CK2894,0.890,,
2026-07-20T13:59:17,A7LW77,0.517,,
2026-07-20T13:59:17,8R29CX2894,0.829,,
2026-07-20T13:59:17,AM11114,0.583,,
2026-07-20T13:59:17,BR29WX2894,0.848,,
2026-07-20T13:59:17,A711M7A,0.512,,
2026-07-20T13:59:17,BR29DX289,0.845,,
2026-07-20T13:59:17,ATL4174,0.526,,
2026-07-20T13:59:17,A71LWYA,0.628,,
2026-07-20T13:59:17,BR29BX294,0.906,,
2026-07-20T13:59:17,A114WYW,0.527,,
2026-07-20T13:59:17,TN12BX678,0.917,,
2026-07-20T13:59:17,AMY101A,0.543,,
2026-07-20T13:59:17,A71LDD1,0.599,,
2026-07-20T13:59:17,19TR6739,0.989,,
2026-07-20T13:59:17,ATXU874,0.523,,
2026-07-20T13:59:17,BR29TA3876,0.907,,
2026-07-20T13:59:17,BR29W2294,0.823,,
2026-07-20T13:59:17,A71407M,0.520,,
2026-07-20T13:59:17,111TR6739,0.764,,
2026-07-20T13:59:17,ATIL611,0.565,,
2026-07-20T13:59:18,BR29DX294,0.876,,
2026-07-20T13:59:18,A711WDW,0.613,,
2026-07-20T13:59:18,ATL0411,0.505,,
2026-07-20T13:59:18,219TR6739,0.951,,
2026-07-20T13:59:18,BR29DX2894,0.907,,
2026-07-20T13:59:18,HR29TA3876,0.988,,
2026-07-20T13:59:18,A7KL67W,0.636,,
2026-07-20T13:59:18,11TRR7739,0.641,,
2026-07-20T13:59:18,4738LY4,0.534,,
2026-07-20T13:59:18,BR29CX2894,0.871,,
2026-07-20T13:59:18,BR29W2894,0.856,,
2026-07-20T13:59:18,A7140DN,0.567,,
2026-07-20T13:59:18,AT10DA,0.604,,
2026-07-20T13:59:18,111TR7739,0.691,,
2026-07-20T13:59:18,BR29EX2894,0.893,,
2026-07-20T13:59:18,A714DDM,0.627,,
2026-07-20T13:59:18,A71LC7M,0.590,,
2026-07-20T13:59:18,119TR6739,0.949,,
2026-07-20T13:59:18,BR29WX289,0.799,,
2026-07-20T13:59:18,AML001,0.570,,
2026-07-20T13:59:18,A714WPA,0.511,,
2026-07-20T13:59:18,TN12BX6783,0.970,,
2026-07-20T13:59:18,BR29QX2894,0.870,,
2026-07-20T13:59:18,19TR6733,0.851,,
2026-07-20T13:59:18,AYL471N,0.588,,
2026-07-20T13:59:18,ATKL414,0.535,,
2026-07-20T13:59:18,11TRR6739,0.681,,
2026-07-20T13:59:18,AT1L011,0.576,,
2026-07-20T13:59:18,A71LMTA,0.576,,
2026-07-20T13:59:19,A714D7W,0.562,,
2026-07-20T13:59:19,AY1061A,0.530,,
2026-07-20T13:59:19,BR29C2294,0.752,,
2026-07-20T13:59:19,11TR6733,0.755,,
2026-07-20T13:59:19,11TR6773,0.729,,
2026-07-20T13:59:19,A711WGA,0.621,,
2026-07-20T13:59:19,ATLW71,0.580,,
2026-07-20T13:59:19,BR29WX294,0.773,,
2026-07-20T13:59:19,AT1N071,0.504,,
2026-07-20T13:59:19,AT14D14,0.580,,
2026-07-20T13:59:19,A7XLW11,0.591,,
2026-07-20T13:59:19,A71LD7A,0.561,,
2026-07-20T13:59:20,A71U6744,0.565,,
2026-07-20T13:59:20,AT1L67A1,0.567,,
2026-07-20T13:59:20,11TR67739,0.638,,
2026-07-20T13:59:20,6R29CX2894,0.929,,
2026-07-20T13:59:20,ARLW7AN,0.532,,
2026-07-20T13:59:20,BR29DZ294,0.852,,
2026-07-20T13:59:20,AT44RYA,0.503,,
2026-07-20T13:59:20,BR29CK2844,0.858,,
2026-07-20T13:59:20,BR29CK284,0.868,,
2026-07-20T13:59:20,A7YLDPA,0.656,,
2026-07-20T13:59:20,B129CX294,0.708,,
2026-07-20T13:59:20,AT1007N,0.624,,
2026-07-20T13:59:20,B829CX2994,0.794,,
2026-07-20T13:59:20,BR29CX2694,0.918,,
2026-07-20T13:59:20,BR29CK2894,0.853,,
2026-07-20T13:59:20,A711014,0.506,,
2026-07-20T13:59:20,B829CX294,0.730,,
2026-07-20T13:59:20,AT144A,0.516,,
2026-07-20T13:59:21,A714BD,0.540,,
2026-07-20T13:59:21,BR29CW2894,0.836,,
2026-07-20T13:59:21,AM1417A,0.542,,
2026-07-20T13:59:21,A714WNN,0.546,,
2026-07-20T13:59:21,A714MTA,0.626,,
2026-07-20T13:59:21,AR2922244,0.525,,
2026-07-20T13:59:21,AT14MPA,0.705,,
2026-07-20T13:59:21,AW144AA,0.638,,
2026-07-20T13:59:21,A744AA,0.638,,
2026-07-20T13:59:21,A14JADN,0.602,,
2026-07-20T13:59:21,WJJ3344,0.609,,
2026-07-20T13:59:21,AXJ16AA,0.547,,
2026-07-20T13:59:21,BR29QX284,0.726,,
2026-07-20T13:59:21,AT1407M,0.552,,
2026-07-20T13:59:21,6829CK284,0.734,,
2026-07-20T13:59:21,BA29QK2894,0.794,,
2026-07-20T13:59:21,BR29CX2844,0.848,,
2026-07-20T13:59:21,A711W7A,0.570,,
2026-07-20T13:59:21,AMLW011,0.529,,
2026-07-20T13:59:21,BR29QX2894,0.848,,
2026-07-20T13:59:21,19TR6733,0.928,,
2026-07-20T13:59:22,19TR6739,1.000,captures/2026-07-20T13-59-22_19TR6739.jpg,
2026-07-20T13:59:22,BR29CK289,0.879,,
2026-07-20T13:59:22,B71407M,0.609,,
2026-07-20T13:59:22,119TR6739,0.965,,
2026-07-20T13:59:22,A714WTM,0.682,,
2026-07-20T13:59:22,AT11N7A,0.622,,
2026-07-20T13:59:22,A714ADM,0.540,,
2026-07-20T13:59:22,19TR6739,1.000,captures/2026-07-20T13-59-22_19TR6739.jpg,
2026-07-20T13:59:22,BR29CK2694,0.795,,
2026-07-20T13:59:22,ATX1N7A,0.513,,
2026-07-20T13:59:22,HR29TA3876,0.993,captures/2026-07-20T13-59-22_HR29TA3876.jpg,
2026-07-20T13:59:22,BR29EK2894,0.958,,
2026-07-20T13:59:22,ATKLC11,0.531,,
2026-07-20T13:59:22,TN12BX6783,0.974,,
2026-07-20T13:59:22,AXL077,0.539,,
2026-07-20T13:59:22,BR29CX2894,0.947,,
2026-07-20T13:59:22,AML407,0.558,,
2026-07-20T13:59:22,AT11DTA,0.624,,
2026-07-20T13:59:22,A7LWD1A,0.569,,
2026-07-20T13:59:22,A7710DA,0.545,,
2026-07-20T13:59:22,L7NL071,0.502,,
2026-07-20T13:59:22,219TR6739,0.930,,
2026-07-20T13:59:22,A71LCTM,0.615,,
2026-07-20T13:59:23,11TR6773,0.783,,
2026-07-20T13:59:23,BR29EZ2894,0.727,,
2026-07-20T13:59:23,A7YL474,0.508,,
2026-07-20T13:59:23,AWLW77A,0.566,,
2026-07-20T13:59:23,19TR6773,0.834,,
2026-07-20T13:59:23,BR29Q2894,0.717,,
2026-07-20T13:59:23,ATT0D71,0.594,,
2026-07-20T13:59:23,A7100DM,0.651,,
2026-07-20T13:59:23,BR29CX289,0.775,,
2026-07-20T13:59:23,BR29C2284,0.825,,
2026-07-20T13:59:23,BR29CK2894,0.919,,
2026-07-20T13:59:23,B829CK2894,0.716,,
2026-07-20T13:59:24,BR29W2299,0.687,,
2026-07-20T13:59:24,AT100PA,0.619,,
2026-07-20T13:59:24,B829CX2894,0.793,,
2026-07-20T13:59:24,A714WYA,0.595,,
2026-07-20T13:59:24,A714NDL,0.632,,
2026-07-20T13:59:24,BR29CX294,0.865,,
2026-07-20T13:59:24,A711ADL,0.555,,
2026-07-20T13:59:24,ER29DX2894,0.762,,
2026-07-20T13:59:24,47XU67M,0.601,,
2026-07-20T13:59:24,11TRR7739,0.721,,
2026-07-20T13:59:24,BR29WX2894,0.879,,
2026-07-20T13:59:24,LM04UDM,0.554,,
2026-07-20T13:59:24,A7L4DDM,0.537,,
2026-07-20T13:59:25,19TR6739,1.000,captures/2026-07-20T13-59-25_19TR6739.jpg,
2026-07-20T13:59:25,X7L1D1,0.536,,
2026-07-20T13:59:25,BR29D2894,0.783,,
2026-07-20T13:59:25,A710DMM,0.703,,
2026-07-20T13:59:25,A714DPW,0.681,,
2026-07-20T13:59:25,BR29D2294,0.885,,
2026-07-20T13:59:25,111TR6739,0.843,,
2026-07-20T13:59:25,BR29DX284,0.773,,
2026-07-20T13:59:25,BR29W2694,0.805,,
2026-07-20T13:59:25,119TR6739,0.958,,
2026-07-20T13:59:25,H739,0.933,,
2026-07-20T13:59:25,BR29DX2894,0.711,,
2026-07-20T13:59:25,471U0711,0.569,,
2026-07-20T13:59:25,11TRR6739,0.780,,
2026-07-20T13:59:25,11TRB7739,0.675,,
2026-07-20T13:59:25,BR29D28994,0.760,,
2026-07-20T13:59:25,HR29TA3876,0.939,,
2026-07-20T13:59:25,BR29CX2894,0.877,,
2026-07-20T13:59:25,A111004,0.507,,
2026-07-20T13:59:25,BR29W2894,0.810,,
2026-07-20T13:59:25,D7140YA,0.632,,
2026-07-20T13:59:25,11TR67739,0.753,,
2026-07-20T13:59:25,ATLL071,0.555,,
2026-07-20T13:59:25,AT110DA,0.540,,
2026-07-20T13:59:26,ATLW024,0.560,,
2026-07-20T13:59:26,11TR6739,0.851,,
2026-07-20T13:59:26,19TR6733,0.910,,
2026-07-20T13:59:26,A71LWDL,0.601,,
2026-07-20T13:59:26,BR29DX294,0.811,,
2026-07-20T13:59:26,ATXC171,0.532,,
2026-07-20T13:59:26,BR29WX294,0.836,,
2026-07-20T13:59:26,AT1147M,0.514,,
2026-07-20T13:59:26,219TR6739,0.978,,
2026-07-20T13:59:26,A71W074,0.504,,
2026-07-20T13:59:26,8R29CX2894,0.830,,
2026-07-20T13:59:26,A7100D1,0.557,,
2026-07-20T13:59:26,AT10471,0.528,,
2026-07-20T13:59:26,A714671,0.513,,
2026-07-20T13:59:26,BR29DZ2894,0.788,,
2026-07-20T13:59:26,AT1WB11,0.604,,
2026-07-20T13:59:27,AWTU671,0.574,,
2026-07-20T13:59:27,ATU0D1,0.587,,
2026-07-20T13:59:27,BR29CK2894,0.909,,
2026-07-20T13:59:27,ATAL47M,0.512,,
2026-07-20T13:59:27,BA29WX294,0.743,,
2026-07-20T13:59:27,ATK467A,0.557,,
2026-07-20T13:59:27,D7K48PA,0.520,,
2026-07-20T13:59:27,BR29WZ2994,0.725,,
2026-07-20T13:59:27,BR29CK284,0.894,,
2026-07-20T13:59:27,A71LDDA,0.668,,
2026-07-20T13:59:27,ATXL471,0.558,,
2026-07-20T13:59:27,B429WX2994,0.757,,
2026-07-20T13:59:27,ATL271,0.597,,
2026-07-20T13:59:27,AT14GTA,0.550,,
2026-07-20T13:59:27,BR29CX284,0.873,,
2026-07-20T13:59:27,A7TUWPA,0.607,,
2026-07-20T13:59:27,AYL6614,0.501,,
2026-07-20T13:59:27,AT14DDA,0.579,,
2026-07-20T13:59:27,AT14001,0.544,,
2026-07-20T13:59:27,BR29CX289,0.849,,
2026-07-20T13:59:27,A7T0024,0.615,,
2026-07-20T13:59:27,AT14A1A,0.563,,
2026-07-20T13:59:28,ATXC071,0.655,,
2026-07-20T13:59:28,AT10014,0.532,,
2026-07-20T13:59:28,A710D7M,0.561,,
2026-07-20T13:59:28,BR29W2289,0.682,,
2026-07-20T13:59:28,A7LW774,0.640,,
2026-07-20T13:59:28,ARL0114,0.621,,
2026-07-20T13:59:28,BR29WX2894,0.932,,
2026-07-20T13:59:28,A71L011,0.565,,
2026-07-20T13:59:28,BR29CX2994,0.854,,
2026-07-20T13:59:28,ANLW710,0.558,,
2026-07-20T13:59:28,A7KLL74,0.512,,
2026-07-20T13:59:28,BR29W2294,0.739,,
2026-07-20T13:59:28,A714WPA7,0.627,,
2026-07-20T13:59:28,BR29CX2894,0.904,,
2026-07-20T13:59:28,ATX1474,0.513,,
2026-07-20T13:59:28,TN12BX6783,0.911,,
2026-07-20T13:59:28,BR29DX2894,0.877,,
2026-07-20T13:59:28,19TR67339,0.825,,
2026-07-20T13:59:28,HR29TA3876,0.987,,
2026-07-20T13:59:28,119TR6739,0.938,,
2026-07-20T13:59:29,BR29GX2894,0.841,,
2026-07-20T13:59:29,A7N4671,0.549,,
2026-07-20T13:59:29,111TR6739,0.745,,
2026-07-20T13:59:29,BR29WX289,0.805,,
2026-07-20T13:59:29,AT1LDDA,0.547,,
2026-07-20T13:59:29,BR29CX294,0.780,,
2026-07-20T13:59:29,A716GYA,0.786,,
2026-07-20T13:59:29,19TR6739,0.995,captures/2026-07-20T13-59-29_19TR6739.jpg,
2026-07-20T13:59:29,471LN01,0.509,,
2026-07-20T13:59:29,AY4411N,0.564,,
2026-07-20T13:59:29,AYM07M,0.622,,
2026-07-20T13:59:29,11TR6773,0.765,,
2026-07-20T13:59:29,A71UW71,0.563,,
2026-07-20T13:59:29,A714CD1,0.537,,
2026-07-20T13:59:29,19TR6773,0.775,,
2026-07-20T13:59:29,ANL0611,0.572,,
2026-07-20T13:59:29,A7K0C71,0.506,,
2026-07-20T13:59:29,19TR6733,0.826,,
2026-07-20T13:59:29,AT14B7M,0.551,,
2026-07-20T13:59:29,19TR67739,0.859,,
2026-07-20T13:59:29,A744WDL,0.620,,
2026-07-20T13:59:29,11TRR6739,0.802,,
2026-07-20T13:59:29,A714ADM,0.605,,
2026-07-20T13:59:29,BR29CK289,0.812,,
2026-07-20T13:59:30,A7140D0,0.524,,
2026-07-20T13:59:30,BR29WX294,0.839,,
2026-07-20T13:59:30,BR29CK2894,0.901,,
2026-07-20T13:59:30,BR29CZ294,0.858,,
2026-07-20T13:59:30,AY1407M,0.538,,
2026-07-20T13:59:30,BR29D2294,0.687,,
2026-07-20T13:59:30,TN12BX6789,0.921,,
2026-07-20T13:59:30,AW14671,0.514,,
2026-07-20T13:59:30,BA29CX294,0.798,,
2026-07-20T13:59:30,A71UG7A,0.638,,
2026-07-20T13:59:30,WR29TA3876,0.993,captures/2026-07-20T13-59-30_WR29TA3876.jpg,
2026-07-20T13:59:30,AR11DM,0.562,,
2026-07-20T13:59:30,11TR67339,0.729,,
2026-07-20T13:59:30,AT11ADM,0.647,,
2026-07-20T13:59:30,BR29D2284,0.820,,
2026-07-20T13:59:30,A71LDDA,0.580,,
2026-07-20T13:59:30,BR29DX289,0.866,,
2026-07-20T13:59:30,A7XU071,0.616,,
2026-07-20T13:59:31,A710DYM,0.594,,
2026-07-20T13:59:31,11TT66739,0.648,,
2026-07-20T13:59:31,D71LDP1,0.502,,
2026-07-20T13:59:31,BR29D2894,0.816,,
2026-07-20T13:59:31,ATL6011,0.576,,
2026-07-20T13:59:31,BR29W2894,0.783,,
2026-07-20T13:59:31,A7081YA,0.641,,
2026-07-20T13:59:31,BR29C2284,0.865,,
2026-07-20T13:59:31,A7140DA,0.556,,
2026-07-20T13:59:31,A7KLN199,0.540,,
2026-07-20T13:59:31,A7UC07M,0.564,,
2026-07-20T13:59:31,A711DDM,0.658,,
2026-07-20T13:59:31,AT11DA,0.569,,
2026-07-20T13:59:31,219TR6739,0.940,,
2026-07-20T13:59:31,A710DPM,0.742,,
2026-07-20T13:59:31,BR29C22994,0.761,,
2026-07-20T13:59:31,11TR67739,0.640,,
2026-07-20T13:59:31,BR29WZ8894,0.695,,
2026-07-20T13:59:31,A7KUD7A,0.580,,
2026-07-20T13:59:31,BR29C28894,0.694,,
2026-07-20T13:59:31,AT10DDA,0.525,,
2026-07-20T13:59:31,419TR6739,0.927,,
2026-07-20T13:59:31,A7LLB11,0.505,,
2026-07-20T13:59:31,8R29DX2894,0.813,,
2026-07-20T13:59:31,BR29DX2844,0.837,,
2026-07-20T13:59:31,ATL471,0.621,,
2026-07-20T13:59:31,HR29TA3876,0.987,,
2026-07-20T13:59:31,119TR7739,0.658,,
2026-07-20T13:59:31,BR29CX2894,0.690,,
2026-07-20T13:59:31,AT1U17A4,0.503,,
2026-07-20T13:59:31,119TR6739,0.914,,
2026-07-20T13:59:32,BR29CW284,0.885,,
2026-07-20T13:59:32,AT14AP11,0.551,,
2026-07-20T13:59:32,BR29DX2894,0.697,,
2026-07-20T13:59:32,A711D1,0.567,,
2026-07-20T13:59:32,AT140D1,0.517,,
2026-07-20T13:59:32,A73LWPT,0.564,,
2026-07-20T13:59:32,BR29WX894,0.823,,
2026-07-20T13:59:32,A714WDD,0.731,,
2026-07-20T13:59:32,BR29QX894,0.769,,
2026-07-20T13:59:32,A714DD,0.718,,
2026-07-20T13:59:32,BR29D28994,0.716,,
2026-07-20T13:59:32,19TR6739,0.989,,
2026-07-20T13:59:32,A71LDDM,0.669,,
2026-07-20T13:59:32,BR29228944,0.564,,
2026-07-20T13:59:32,A710GYL,0.632,,
2026-07-20T13:59:32,BR29DZ284,0.759,,
2026-07-20T13:59:32,BR29C2894,0.786,,
2026-07-20T13:59:32,11TR6773,0.652,,
2026-07-20T13:59:32,A71LN7M,0.583,,
2026-07-20T13:59:32,BR29WX2994,0.817,,
2026-07-20T13:59:32,A71L014,0.522,,
2026-07-20T13:59:32,BR29CW2894,0.897,,
2026-07-20T13:59:32,AT1UD71,0.543,,
2026-07-20T13:59:33,A716GPA,0.597,,
2026-07-20T13:59:33,BR29WZ294,0.815,,
2026-07-20T13:59:33,19TR67339,0.863,,
2026-07-20T13:59:33,AT44DN,0.580,,
2026-07-20T13:59:33,BR29WX2894,0.722,,
2026-07-20T13:59:33,A711NPA,0.583,,
2026-07-20T13:59:33,BR29QX284,0.819,,
2026-07-20T13:59:33,BR29W2294,0.760,,
2026-07-20T13:59:33,A7A1074,0.558,,
2026-07-20T13:59:33,AT1W074,0.512,,
2026-07-20T13:59:33,A714DPM,0.711,,
2026-07-20T13:59:33,A71NDD1,0.546,,
2026-07-20T13:59:33,BR29W2284,0.714,,
2026-07-20T13:59:33,111TR6739,0.749,,
2026-07-20T13:59:33,BR29WX294,0.864,,
2026-07-20T13:59:33,AT1001A,0.554,,
2026-07-20T13:59:33,11TR6739,0.904,,
2026-07-20T13:59:33,AT1LE1A,0.591,,
2026-07-20T13:59:33,AWW111,0.550,,
2026-07-20T13:59:33,BR29CK294,0.774,,
2026-07-20T13:59:33,BR29CZ2894,0.801,,
2026-07-20T13:59:33,11TTR6739,0.793,,
2026-07-20T13:59:33,A711UYA,0.761,,
2026-07-20T13:59:33,BR29DK284,0.784,,
2026-07-20T13:59:33,19TR6733,0.768,,
2026-07-20T13:59:34,AM1171,0.549,,
2026-07-20T13:59:34,A71107A,0.632,,
2026-07-20T13:59:34,BR29CK2894,0.898,,
2026-07-20T13:59:34,AT14D14,0.605,,
2026-07-20T13:59:34,ATL411A,0.541,,
2026-07-20T13:59:34,BR29CK284,0.821,,
2026-07-20T13:59:34,AYL1119,0.601,,
2026-07-20T13:59:34,BR29CX2694,0.871,,
2026-07-20T13:59:34,BR29TA3876,0.925,,
2026-07-20T13:59:34,A71LN07,0.540,,
2026-07-20T13:59:34,BR29CK289,0.807,,
2026-07-20T13:59:34,11TRR7739,0.626,,
2026-07-20T13:59:34,A71LLD1,0.530,,
2026-07-20T13:59:34,11TRR6739,0.687,,
2026-07-20T13:59:34,AKL607M,0.511,,
2026-07-20T13:59:34,ATYL071,0.690,,
2026-07-20T13:59:34,AWLW114,0.582,,
2026-07-20T13:59:34,BR29CX299,0.777,,
2026-07-20T13:59:34,AM16671,0.529,,
2026-07-20T13:59:34,AT1LA7A,0.541,,
2026-07-20T13:59:34,AT11111,0.545,,
2026-07-20T13:59:35,BR29CX2894,0.910,,
2026-07-20T13:59:35,A71LW71,0.507,,
2026-07-20T13:59:35,AT1LM1A,0.517,,
2026-07-20T13:59:35,A7Y0CY1,0.540,,
2026-07-20T13:59:35,BR29W2894,0.841,,
2026-07-20T13:59:35,ATLW614,0.604,,
2026-07-20T13:59:35,HR29TA3876,0.988,,
2026-07-20T13:59:35,BR29Q22944,0.657,,
2026-07-20T13:59:35,TN12DX6783,0.902,,
2026-07-20T13:59:35,BR29CW294,0.813,,
2026-07-20T13:59:35,AT1U07A,0.608,,
2026-07-20T13:59:35,TN12BX6783,0.962,,
2026-07-20T13:59:35,BR29WW284,0.801,,
2026-07-20T13:59:36,BR29WW294,0.805,,
2026-07-20T13:59:36,RR29AA3876,0.702,,
2026-07-20T13:59:36,BR29WX2894,0.874,,
2026-07-20T13:59:36,TN12GX6783,0.818,,
2026-07-20T13:59:36,TW12BX6783,0.931,,
2026-07-20T13:59:36,8R29CX2894,0.837,,
2026-07-20T13:59:36,BR29CX284,0.869,,
2026-07-20T13:59:36,BR29QW294,0.863,,
2026-07-20T13:59:37,BR29CX294,0.902,,
2026-07-20T13:59:37,AML4L7M,0.543,,
2026-07-20T13:59:37,AML4074,0.600,,
2026-07-20T13:59:37,AY1111,0.515,,
2026-07-20T13:59:37,ATK4471,0.570,,
2026-07-20T13:59:37,119TR6739,0.924,,
2026-07-20T13:59:37,A7TLD74,0.596,,
2026-07-20T13:59:37,11TR6773,0.719,,
2026-07-20T13:59:37,4714WDM,0.559,,
2026-07-20T13:59:37,BR29CK2894,0.982,,
2026-07-20T13:59:37,A71467A,0.542,,
2026-07-20T13:59:37,ATLW071,0.562,,
2026-07-20T13:59:37,219TR6739,0.939,,
2026-07-20T13:59:37,A710D1,0.586,,
2026-07-20T13:59:37,A714L7M,0.625,,
2026-07-20T13:59:37,19TR6739,0.953,,
2026-07-20T13:59:38,BR29CX2894,0.864,,
2026-07-20T13:59:38,A71U671,0.535,,
2026-07-20T13:59:38,AT11D11,0.585,,
2026-07-20T13:59:38,HR29TA3876,0.987,,
2026-07-20T13:59:38,A714674,0.570,,
2026-07-20T13:59:38,BR29CX289,0.819,,
2026-07-20T13:59:38,AW0WD1,0.537,,
2026-07-20T13:59:38,11TRR7739,0.751,,
2026-07-20T13:59:38,A7XL011,0.561,,
2026-07-20T13:59:38,BR29CW2894,0.967,,
2026-07-20T13:59:38,11TRR6739,0.702,,
2026-07-20T13:59:38,A710ATA,0.508,,
2026-07-20T13:59:38,AT10B7A,0.685,,
2026-07-20T13:59:39,A7KCB7A,0.524,,
2026-07-20T13:59:39,ATL117W,0.580,,
2026-07-20T13:59:39,AT100DM,0.551,,
2026-07-20T13:59:39,BR29WK294,0.782,,
2026-07-20T13:59:39,AWLW77M,0.571,,
2026-07-20T13:59:39,AYL107A,0.506,,
2026-07-20T13:59:39,19TR67739,0.781,,
2026-07-20T13:59:39,TN12BX6783,0.952,,
2026-07-20T13:59:39,2229AA3876,0.559,,
2026-07-20T13:59:39,A711BDA,0.578,,
2026-07-20T13:59:39,HR29TA38_6,0.922,,
2026-07-20T13:59:39,AT4671A,0.610,,
2026-07-20T13:59:39,BR29QX2894,0.839,,
2026-07-20T13:59:39,WR29TA3876,0.979,,
2026-07-20T13:59:39,A71LM11,0.533,,
2026-07-20T13:59:39,111TR6739,0.630,,
2026-07-20T13:59:40,A71LCB,0.542,,
2026-07-20T13:59:40,AWLW074,0.529,,
2026-07-20T13:59:40,BR29W2294,0.848,,
2026-07-20T13:59:40,A714C1N,0.597,,
2026-07-20T13:59:40,A71UBDM,0.572,,
2026-07-20T13:59:40,BR29CX294,0.857,,
2026-07-20T13:59:40,AT14611,0.543,,
2026-07-20T13:59:40,A712NYA,0.544,,
2026-07-20T13:59:40,11TR67739,0.641,,
2026-07-20T13:59:40,A710B1,0.536,,
2026-07-20T13:59:40,219TR6739,0.933,,
2026-07-20T13:59:40,11TR6773,0.722,,
2026-07-20T13:59:40,TN12CX6783,0.903,,
2026-07-20T13:59:40,AMLW01M,0.550,,
2026-07-20T13:59:40,A78UW77,0.595,,
2026-07-20T13:59:40,BR29CX284,0.843,,
2026-07-20T13:59:40,19TR6739,0.999,captures/2026-07-20T13-59-40_19TR6739.jpg,
2026-07-20T13:59:41,A714WY1,0.556,,
2026-07-20T13:59:41,BR29WX2894,0.917,,
2026-07-20T13:59:41,11TR6673,0.787,,
2026-07-20T13:59:41,BR29DX2894,0.896,,
2026-07-20T13:59:41,ATL4011,0.576,,
2026-07-20T13:59:41,119TR6739,0.933,,
2026-07-20T13:59:41,4710011,0.517,,
2026-07-20T13:59:41,HSQ8344,0.588,,
2026-07-20T13:59:41,TN12DX6783,0.855,,
2026-07-20T13:59:41,AMLWRA,0.625,,
2026-07-20T13:59:41,19TR6773,0.827,,
2026-07-20T13:59:41,WJ333AM,0.530,,
2026-07-20T13:59:41,TN12BX67,0.634,,
2026-07-20T13:59:41,HR29TA3876,0.983,,
2026-07-20T13:59:41,KK19A,0.566,,
2026-07-20T14:00:12,T11111N,0.520,,
2026-07-20T14:00:12,W13111,0.502,,
2026-07-20T14:00:12,CGC731,0.745,,
2026-07-20T14:00:12,11111,0.664,,
2026-07-20T14:00:12,133Y74,0.590,,
2026-07-20T14:00:12,LGC731,0.999,captures/2026-07-20T14-00-12_LGC731.jpg,
2026-07-20T14:00:12,AC44DNN,0.591,,
2026-07-20T14:00:12,B3322444,0.502,,
2026-07-20T14:00:12,122D21444,0.548,,
2026-07-20T14:00:12,H92244,0.547,,
2026-07-20T14:00:12,B82922294,0.726,,
2026-07-20T14:00:12,BA29D2644,0.577,,
2026-07-20T14:00:13,AT14774,0.546,,
2026-07-20T14:00:13,A11111W,0.562,,
2026-07-20T14:00:13,119TR6739,0.935,,
2026-07-20T14:00:13,AY14AMM,0.646,,
2026-07-20T14:00:13,112122144,0.501,,
2026-07-20T14:00:13,BA29E2884,0.704,,
2026-07-20T14:00:13,BR29GX2894,0.875,,
2026-07-20T14:00:13,BR29DX284,0.907,,
2026-07-20T14:00:13,ATT4W7M,0.535,,
2026-07-20T14:00:13,BR29CX2894,0.876,,
2026-07-20T14:00:13,A714W72,0.516,,
2026-07-20T14:00:13,8829CX2894,0.896,,
2026-07-20T14:00:13,A7TL872,0.541,,
2026-07-20T14:00:13,BR29EK2894,0.851,,
2026-07-20T14:00:13,A7IL8TA,0.729,,
2026-07-20T14:00:13,BR29C2294,0.811,,
2026-07-20T14:00:13,19TR6739,1.000,captures/2026-07-20T14-00-13_19TR6739.jpg,
2026-07-20T14:00:13,BR29CX294,0.808,,
2026-07-20T14:00:13,AT1N074,0.552,,
2026-07-20T14:00:13,19TR67739,0.741,,
2026-07-20T14:00:13,AT1L474,0.603,,
2026-07-20T14:00:13,BR29CK2894,0.895,,
2026-07-20T14:00:13,ATT4074,0.578,,
2026-07-20T14:00:13,BR29C2894,0.831,,
2026-07-20T14:00:13,ATKG019,0.506,,
2026-07-20T14:00:13,A71174,0.509,,
2026-07-20T14:00:13,BR29DX294,0.760,,
2026-07-20T14:00:14,AA1414,0.656,,
2026-07-20T14:00:14,18IN668,0.523,,
2026-07-20T14:00:14,1DZ144,0.551,,
2026-07-20T14:00:14,AW12446,0.560,,
2026-07-20T14:00:14,H829XA387,0.751,,
2026-07-20T14:00:14,JW12BX67,0.799,,
2026-07-20T14:00:14,29YA3877,0.908,,
2026-07-20T14:00:14,LGC737,0.973,,
2026-07-20T14:00:14,1W11KW,0.676,,
2026-07-20T14:00:14,M1111M,0.634,,
2026-07-20T14:00:15,_MF1,0.594,,
2026-07-20T14:00:15,1HP711,0.625,,
2026-07-20T14:00:15,1M712,0.587,,
2026-07-20T14:00:19,11,0.752,,
2026-07-20T14:00:19,01,0.682,,
2026-07-20T14:00:19,V1,0.743,,
2026-07-20T14:00:19,5555,0.500,,
2026-07-20T14:00:19,A11,0.687,,
2026-07-20T14:00:19,014,0.741,,
2026-07-20T14:00:19,4111,0.624,,
2026-07-20T14:00:19,IW1201GTUJ,0.713,,
2026-07-20T14:00:19,TW170XG763,0.525,,
2026-07-20T14:00:19,11AAA97,0.576,,
2026-07-20T14:00:19,N11A001,0.514,,
2026-07-20T14:00:19,N1144JFF,0.648,,
2026-07-20T14:00:20,7IA011,0.607,,
2026-07-20T14:00:20,79IA3876,0.951,,
2026-07-20T14:00:20,29TAA381,0.637,,
2026-07-20T14:00:20,VG6739,0.844,,
2026-07-20T14:00:20,DW17DX0700,0.696,,
2026-07-20T14:00:20,29IA3381,0.535,,
2026-07-20T14:00:20,WJ6779,0.697,,
2026-07-20T14:00:20,6739,0.853,,
2026-07-20T14:00:20,79AA3886,0.647,,
2026-07-20T14:00:20,6758,0.622,,
2026-07-20T14:00:20,G738,0.658,,
2026-07-20T14:00:20,673226,0.564,,
2026-07-20T14:00:20,677399,0.777,,
2026-07-20T14:00:21,TW17D70700,0.612,,
2026-07-20T14:00:21,67339,0.834,,
2026-07-20T14:00:21,TW1201673,0.526,,
2026-07-20T14:00:21,WW6739,0.799,,
2026-07-20T14:00:21,WI6739,0.865,,
2026-07-20T14:00:21,112D1000,0.536,,
2026-07-20T14:00:21,673999,0.730,,
2026-07-20T14:00:21,WV8139,0.815,,
2026-07-20T14:00:21,6138,0.881,,
2026-07-20T14:00:22,6139,0.753,,
2026-07-20T14:00:22,N16639,0.830,,
2026-07-20T14:00:22,WT6739,0.821,,
2026-07-20T14:00:22,MT6739,0.929,,
2026-07-20T14:00:22,NW6739,0.744,,
2026-07-20T14:00:22,WG6139,0.816,,
2026-07-20T14:00:22,MV6739,0.802,,
2026-07-20T14:00:22,67399,0.948,,
2026-07-20T14:00:22,D11D0000,0.560,,
2026-07-20T14:00:22,677139,0.683,,
2026-07-20T14:00:22,NG6139,0.828,,
2026-07-20T14:00:22,018060,0.518,,
2026-07-20T14:00:23,TG6739,0.889,,
2026-07-20T14:00:23,VW6139,0.769,,
2026-07-20T14:00:23,MTW6139,0.883,,
2026-07-20T14:00:23,DL30KKK,0.595,,
2026-07-20T14:00:23,6739,0.995,captures/2026-07-20T14-00-23_6739.jpg,
2026-07-20T14:00:23,6V6779,0.562,,
2026-07-20T14:00:23,6917399,0.511,,
2026-07-20T14:00:23,616139,0.639,,
2026-07-20T14:00:23,W6613,0.799,,
2026-07-20T14:00:23,66673,0.712,,
2026-07-20T14:00:23,WW6139,0.671,,
2026-07-20T14:00:23,613339,0.748,,
2026-07-20T14:00:24,NT6739,0.868,,
2026-07-20T14:00:24,61339,0.869,,
2026-07-20T14:00:24,6II339,0.742,,
2026-07-20T14:00:24,61399,0.925,,
2026-07-20T14:00:24,N6139,0.916,,
2026-07-20T14:00:24,69A1199,0.550,,
2026-07-20T14:00:24,__6,0.661,,
2026-07-20T14:00:24,139999,0.556,,
2026-07-20T14:00:24,6211399,0.526,,
2026-07-20T14:00:24,N6633,0.674,,
2026-07-20T14:00:24,17D6139,0.548,,
2026-07-20T14:00:25,N161,0.723,,
2026-07-20T14:00:25,N6199,0.709,,
2026-07-20T14:00:25,6139,0.788,,
2026-07-20T14:00:25,673399,0.684,,
2026-07-20T14:00:25,41619,0.739,,
2026-07-20T14:00:25,631139,0.543,,
2026-07-20T14:00:25,17693,0.818,,
2026-07-20T14:00:25,N6739,0.976,,
2026-07-20T14:00:25,46119,0.733,,
2026-07-20T14:00:25,6111399,0.584,,
2026-07-20T14:00:25,N16139,0.753,,
2026-07-20T14:00:26,6739,0.979,,
2026-07-20T14:00:26,677339,0.771,,
2026-07-20T14:00:26,67399,0.823,,
2026-07-20T14:00:27,61399,0.818,,
2026-07-20T14:00:27,613999,0.681,,
2026-07-20T14:00:27,610Q,0.753,,
2026-07-20T14:00:27,C114,0.575,,
2026-07-20T14:00:27,619,0.802,,
2026-07-20T14:00:27,6339,0.679,,
2026-07-20T14:00:28,R7J99,0.605,,
2026-07-20T14:00:28,NI39,0.761,,
2026-07-20T14:00:28,6139,0.964,,
2026-07-20T14:00:28,639,0.990,captures/2026-07-20T14-00-28_639.jpg,
2026-07-20T14:00:28,R139,0.710,,
2026-07-20T14:00:28,6J39,0.947,,
2026-07-20T14:00:29,5139,0.912,,
2026-07-20T14:00:29,B139,0.834,,
2026-07-20T14:00:29,519,0.883,,
2026-07-20T14:00:30,6739,0.957,,
2026-07-20T14:00:30,NJ19,0.757,,
2026-07-20T14:00:30,2J399,0.588,,
2026-07-20T14:00:30,61599,0.558,,
2026-07-20T14:00:30,K39,0.637,,
2026-07-20T14:00:30,A39,0.617,,
2026-07-20T14:00:30,3334,0.513,,
2026-07-20T14:00:30,539,0.808,,
2026-07-20T14:00:30,B39,0.783,,
2026-07-20T14:00:31,N39,0.716,,
2026-07-20T14:00:31,1111,0.503,,
2026-07-20T14:00:31,K7_19,0.584,,
2026-07-20T14:00:31,1139,0.634,,
2026-07-20T14:00:31,WVW044,0.691,,
2026-07-20T14:00:31,FJA,0.716,,
2026-07-20T14:00:31,MVM064,0.635,,
2026-07-20T14:00:31,_444,0.593,,
2026-07-20T14:00:31,10D0044,0.560,,
2026-07-20T14:00:31,AA144,0.559,,
2026-07-20T14:00:31,29TA337,0.826,,
2026-07-20T14:00:31,G8B64,0.530,,
2026-07-20T14:00:31,6799,0.611,,
2026-07-20T14:00:31,CJL33,0.594,,
2026-07-20T14:00:31,61166799,0.576,,
2026-07-20T14:00:32,WW4466N,0.503,,
2026-07-20T14:00:32,4774AA,0.620,,
2026-07-20T14:00:32,LBC731,0.859,,
2026-07-20T14:00:32,LGC731,0.987,,
2026-07-20T14:00:32,UP14AN5689,0.998,captures/2026-07-20T14-00-32_UP14AN5689.jpg,
2026-07-20T14:00:32,TN12AXG7,0.557,,
2026-07-20T14:00:32,8738,0.878,,
2026-07-20T14:00:32,29TA3878,0.897,,
2026-07-20T14:00:32,04A1444,0.527,,
2026-07-20T14:00:32,LGZ737,0.836,,
2026-07-20T14:00:32,WII1111,0.519,,
2026-07-20T14:00:32,IN12DX078,0.716,,
2026-07-20T14:00:32,UP14AN,0.910,,
2026-07-20T14:00:32,N111X,0.612,,
2026-07-20T14:00:32,67399,0.653,,
2026-07-20T14:00:32,UP14AN5,0.755,,
2026-07-20T14:00:32,W176399,0.566,,
2026-07-20T14:00:32,L24444,0.564,,
2026-07-20T14:00:32,LGZ73,0.777,,
2026-07-20T14:00:32,W114AJM,0.719,,
2026-07-20T14:00:32,TW12CX67,0.577,,
2026-07-20T14:00:32,NP1443JM,0.595,,
2026-07-20T14:00:32,APAAA333,0.513,,
2026-07-20T14:00:32,TN12BX67,0.699,,
2026-07-20T14:00:32,N71AA333,0.566,,
2026-07-20T14:00:32,W739,0.921,,
2026-07-20T14:00:32,AP11AG03,0.513,,
2026-07-20T14:00:33,N71AGG31,0.550,,
2026-07-20T14:00:33,A1144AJ,0.646,,
2026-07-20T14:00:33,N71A843M,0.606,,
2026-07-20T14:00:33,H7399,0.833,,
2026-07-20T14:00:33,IN12BX678,0.697,,
2026-07-20T14:00:33,BN12BX678,0.747,,
2026-07-20T14:00:33,6739,0.999,captures/2026-07-20T14-00-33_6739.jpg,
2026-07-20T14:00:33,AP71AA03,0.618,,
2026-07-20T14:00:33,N71A037,0.538,,
2026-07-20T14:00:33,N71A0379,0.614,,
2026-07-20T14:00:33,TN12DX678,0.802,,
2026-07-20T14:00:33,NGIAA331,0.515,,
2026-07-20T14:00:34,AP71A9A3,0.644,,
2026-07-20T14:00:34,W1673,0.619,,
2026-07-20T14:00:34,A971AU03,0.593,,
2026-07-20T14:00:34,UGC731,0.949,,
2026-07-20T14:00:34,M71A1339,0.577,,
2026-07-20T14:00:34,N7IAU339,0.510,,
2026-07-20T14:00:34,N714803,0.614,,
2026-07-20T14:00:34,TN12DX67,0.765,,
2026-07-20T14:00:34,M7148AJ,0.580,,
2026-07-20T14:00:34,IN12AX678,0.724,,
2026-07-20T14:00:34,AP71A0AJ,0.714,,
2026-07-20T14:00:35,AP11A9,0.597,,
2026-07-20T14:00:35,TN12AX67,0.787,,
2026-07-20T14:00:35,1N12AX678,0.595,,
2026-07-20T14:00:35,N71AA33,0.523,,
2026-07-20T14:00:35,M739,0.842,,
2026-07-20T14:00:35,M71A003M,0.566,,
2026-07-20T14:00:35,TN12BX6784,0.816,,
2026-07-20T14:00:35,LSC731,0.993,captures/2026-07-20T14-00-35_LSC731.jpg,
2026-07-20T14:00:35,TW12CX678,0.759,,
2026-07-20T14:00:35,N71A0UT,0.579,,
2026-07-20T14:00:35,LGC731,1.000,captures/2026-07-20T14-00-35_LGC731.jpg,
2026-07-20T14:00:35,H739,0.934,,
2026-07-20T14:00:35,TN12CX678,0.671,,
2026-07-20T14:00:35,A114A3M,0.548,,
2026-07-20T14:00:35,UP14AN568,0.996,captures/2026-07-20T14-00-35_UP14AN568.jpg,
2026-07-20T14:00:35,L6C731,0.977,,
2026-07-20T14:00:35,1W12BX67,0.785,,
2026-07-20T14:00:35,1W12CX67,0.575,,
2026-07-20T14:00:35,N71A0537,0.512,,
2026-07-20T14:00:35,B739,0.936,,
2026-07-20T14:00:36,TW12AX67,0.705,,
2026-07-20T14:00:36,AP71A803,0.673,,
2026-07-20T14:00:36,TW12BX678,0.802,,
2026-07-20T14:00:36,TW12BX67,0.721,,
2026-07-20T14:00:36,TN12BX67,0.792,,
2026-07-20T14:00:36,TW12CK67,0.615,,
2026-07-20T14:00:36,6739,0.989,,
2026-07-20T14:00:36,TW12GX67,0.708,,
2026-07-20T14:00:36,UP14AN5689,0.993,captures/2026-07-20T14-00-36_UP14AN5689.jpg,
2026-07-20T14:00:36,W7399,0.889,,
2026-07-20T14:00:36,DN12CX67,0.695,,
2026-07-20T14:00:36,TM12BX678,0.773,,
2026-07-20T14:00:36,W739,0.974,,
2026-07-20T14:00:36,TW12DX078,0.634,,
2026-07-20T14:00:37,N71AU339,0.524,,
2026-07-20T14:00:37,N7IAA337,0.512,,
2026-07-20T14:00:37,UGC731,0.994,captures/2026-07-20T14-00-37_UGC731.jpg,
2026-07-20T14:00:37,TN12AX678,0.655,,
2026-07-20T14:00:37,TW12OX678,0.703,,
2026-07-20T14:00:37,N11A4399,0.519,,
2026-07-20T14:00:37,NT1A0437,0.500,,
2026-07-20T14:00:37,TN12QX678,0.782,,
2026-07-20T14:00:37,1N12CX678,0.768,,
2026-07-20T14:00:37,AP71AA33,0.546,,
2026-07-20T14:00:37,UP14AN6689,0.953,,
2026-07-20T14:00:37,AP71A853,0.604,,
2026-07-20T14:00:38,AP71AAA3,0.695,,
2026-07-20T14:00:38,1N12DX67,0.677,,
2026-07-20T14:00:38,AP1AA439,0.566,,
2026-07-20T14:00:38,TN12DX678,0.763,,
2026-07-20T14:00:38,AP71A86355,0.633,,
2026-07-20T14:00:38,LGC731,0.969,,
2026-07-20T14:00:38,UP14AN568,0.938,,
2026-07-20T14:00:39,UP14AN5689,0.996,captures/2026-07-20T14-00-39_UP14AN5689.jpg,
2026-07-20T14:00:39,6739,0.981,,
2026-07-20T14:00:40,TW12DX07,0.743,,
2026-07-20T14:00:40,TW120X078,0.632,,
2026-07-20T14:00:40,W7399,0.771,,
2026-07-20T14:00:40,N11AA371,0.516,,
2026-07-20T14:00:40,TW12DX078,0.747,,
2026-07-20T14:00:40,IN12CX6784,0.732,,
2026-07-20T14:00:40,H739,0.901,,
2026-07-20T14:00:40,INI2AX6783,0.813,,
2026-07-20T14:00:40,A11AA073,0.509,,
2026-07-20T14:00:40,B739,0.892,,
2026-07-20T14:00:40,TN12BX67,0.652,,
2026-07-20T14:00:40,FW120X67,0.674,,
2026-07-20T14:00:41,NPAAA837,0.507,,
2026-07-20T14:00:41,TN12BX678,0.855,,
2026-07-20T14:00:41,1N12UX67,0.642,,
2026-07-20T14:00:41,A71A860,0.582,,
2026-07-20T14:00:41,1W12BX6784,0.782,,
2026-07-20T14:00:41,A911AB_3,0.573,,
2026-07-20T14:00:41,TN12GX6780,0.822,,
2026-07-20T14:00:41,AAAAAB33,0.520,,
2026-07-20T14:00:41,AP11A003,0.739,,
2026-07-20T14:00:41,AP71A863,0.700,,
2026-07-20T14:00:41,IN12BX6784,0.661,,
2026-07-20T14:00:41,IN12DX67,0.713,,
2026-07-20T14:00:41,LGC731,1.000,captures/2026-07-20T14-00-41_LGC731.jpg,
2026-07-20T14:00:41,TW12BX678,0.723,,
2026-07-20T14:00:41,AP11AB33,0.524,,
2026-07-20T14:00:41,TN12BX67_3,0.719,,
2026-07-20T14:00:42,TN12BX6780,0.770,,
2026-07-20T14:00:42,TW12DX678,0.712,,
2026-07-20T14:00:42,M11AUA1,0.518,,
2026-07-20T14:00:42,UP14AN6689,0.954,,
2026-07-20T14:00:42,N71M11,0.538,,
2026-07-20T14:00:42,71188,0.535,,
2026-07-20T14:00:42,29TA3770,0.655,,
2026-07-20T14:00:42,29JA3876,0.793,,
2026-07-20T14:00:42,M11111H,0.523,,
2026-07-20T14:00:42,29TA3876,0.854,,
2026-07-20T14:00:42,H829TA38,0.746,,
2026-07-20T14:00:42,N71AAJJ,0.605,,
2026-07-20T14:00:42,TW12CX07,0.620,,
2026-07-20T14:00:42,HR29TA387,0.934,,
2026-07-20T14:00:42,AP11A8,0.590,,
2026-07-20T14:00:42,HR29TA3876,0.977,,
2026-07-20T14:00:42,N71AAA3,0.608,,
2026-07-20T14:00:42,6739,0.991,captures/2026-07-20T14-00-42_6739.jpg,
2026-07-20T14:00:42,N71AA3J3,0.530,,
2026-07-20T14:00:42,TN12BX87,0.807,,
2026-07-20T14:00:42,H829TA3876,0.955,,
2026-07-20T14:00:42,TN12DX078,0.730,,
2026-07-20T14:00:42,UP14AN568,0.997,captures/2026-07-20T14-00-42_UP14AN568.jpg,
2026-07-20T14:00:42,AP71A8_3,0.656,,
2026-07-20T14:00:43,APT1A863,0.780,,
2026-07-20T14:00:43,NP11A8_3,0.645,,
2026-07-20T14:00:43,AP71A853,0.711,,
2026-07-20T14:00:43,N71AAA,0.522,,
2026-07-20T14:00:43,AP114933,0.614,,
2026-07-20T14:00:43,N71AB637,0.594,,
2026-07-20T14:00:43,TN12AX87,0.823,,
2026-07-20T14:00:43,WR29TA3876,0.940,,
2026-07-20T14:00:43,AP1AAA,0.547,,
2026-07-20T14:00:43,TN12DX67,0.756,,
2026-07-20T14:00:43,AP71A941,0.828,,
2026-07-20T14:00:43,NP71A0_3,0.625,,
2026-07-20T14:00:43,A71AAA3,0.501,,
2026-07-20T14:00:43,1N12AX67,0.656,,
2026-07-20T14:00:43,M7IAA3,0.518,,
2026-07-20T14:00:43,AR29TA387G,0.708,,
2026-07-20T14:00:43,AP71A0,0.740,,
2026-07-20T14:00:43,TN12AX67,0.801,,
2026-07-20T14:00:44,TN12DX678,0.740,,
2026-07-20T14:00:44,M71A8B37,0.685,,
2026-07-20T14:00:44,N11AAJ7,0.617,,
2026-07-20T14:00:44,HR29TA3870,0.922,,
2026-07-20T14:00:44,TN12BX_7,0.867,,
2026-07-20T14:00:44,NTIA003,0.596,,
2026-07-20T14:00:44,N71A847,0.579,,
2026-07-20T14:00:44,TN12BX67,0.903,,
2026-07-20T14:00:44,N7IAA33,0.519,,
2026-07-20T14:00:44,AR29TA3876,0.741,,
2026-07-20T14:00:44,NP1AA81,0.501,,
2026-07-20T14:00:44,W_1_1,0.585,,
2026-07-20T14:00:44,NY8944,0.604,,
2026-07-20T14:00:44,1222,0.607,,
2026-07-20T14:00:44,1V776,0.527,,
2026-07-20T14:00:44,1111,0.650,,
2026-07-20T14:20:29,141,0.618,,
2026-07-20T14:20:29,G_17WA,0.657,,
2026-07-20T14:20:30,2137XX,0.531,,
2026-07-20T14:20:30,7QA911,0.681,,
2026-07-20T14:20:30,29A11155,0.758,,
2026-07-20T14:20:30,___11,0.652,,
2026-07-20T14:20:30,BA3117,0.582,,
2026-07-20T14:20:30,___22,0.522,,
2026-07-20T14:20:31,SN3371L,0.540,,
2026-07-20T14:20:31,KS1031EE,0.534,,
2026-07-20T14:20:31,SA111KK,0.680,,
2026-07-20T14:20:31,79A33185,0.987,,
2026-07-20T14:20:31,29A33185,0.955,,
2026-07-20T14:20:31,29A33185,0.955,,
2026-07-20T14:20:32,79A33185,0.975,,
2026-07-20T14:20:32,45A7716,0.705,,
2026-07-20T14:20:32,LAA971,0.674,,
2026-07-20T14:20:32,721KDK,0.569,,
2026-07-20T14:20:50,BI744,0.681,,
2026-07-20T14:20:51,EAT1064,0.965,,
2026-07-20T14:20:51,BXT1044,0.767,,
2026-07-20T14:20:51,3B2704,0.609,,
2026-07-20T14:20:51,CAV1044,0.962,,
2026-07-20T14:20:51,CAV1044,0.962,,
2026-07-20T14:20:51,GIV103,0.693,,
2026-07-20T14:20:51,CIA184,0.631,,
2026-07-20T14:20:52,EAY1063,0.969,,
2026-07-20T14:20:52,__44,0.548,,
2026-07-20T14:20:52,GDL144,0.681,,
2026-07-20T14:20:52,CBL104,0.658,,
2026-07-20T14:20:52,CTT7044,0.556,,
2026-07-20T14:20:52,LT7744,0.544,,
2026-07-20T14:20:52,CJT1164,0.715,,
2026-07-20T14:20:52,CT77044,0.579,,
2026-07-20T14:20:52,3UY103,0.557,,
2026-07-20T14:20:52,EAY1864,0.743,,
2026-07-20T14:20:52,PI103,0.601,,
2026-07-20T14:20:52,GAK1044,0.758,,
2026-07-20T14:20:52,EAV1064,0.942,,
2026-07-20T14:20:52,GXT103,0.898,,
2026-07-20T14:20:53,GAY1063,0.971,,
2026-07-20T14:20:53,GAV1064,0.988,,
2026-07-20T14:20:53,GAV1053,0.952,,
2026-07-20T14:20:53,GAV1863,0.972,,
2026-07-20T14:20:53,SAY1063,0.817,,
2026-07-20T14:20:53,CAV1063,0.964,,
2026-07-20T14:21:13,CAV183,0.870,,
2026-07-20T14:21:13,EJV0044,0.586,,
2026-07-20T14:21:13,CLH181,0.698,,
2026-07-20T14:21:13,C40T044,0.634,,
2026-07-20T14:21:14,CAJ248,0.622,,
2026-07-20T14:21:14,CAF466,0.673,,
2026-07-20T14:21:14,CLT793,0.733,,
2026-07-20T14:21:14,CAV1444,0.880,,
2026-07-20T14:21:14,SAY156,0.634,,
2026-07-20T14:21:14,SSV7853,0.796,,
2026-07-20T14:21:14,CAV1664,0.946,,
2026-07-20T14:21:14,EAD1064,0.864,,
2026-07-20T14:21:14,CLF063,0.640,,
2026-07-20T14:21:14,S__863,0.661,,
2026-07-20T14:21:14,GAV1044,0.927,,
2026-07-20T14:20:53,GAV1063,0.996,captures/2026-07-20T14-20-53_GAV1063.jpg,full_frame
2026-07-20T14:21:30,6AV1064,0.992,captures/2026-07-20T14-21-30_6AV1064.jpg,full_frame
2026-07-20T14:21:30,1777,0.586,,
2026-07-20T14:21:30,TY7777,0.541,,
2026-07-20T14:21:23,GAV1064,1.000,captures/2026-07-20T14-21-23_GAV1064.jpg,full_frame
2026-07-20T14:21:20,GAV1064,1.000,captures/2026-07-20T14-21-20_GAV1064.jpg,full_frame
2026-07-20T14:20:52,GAV1063,0.996,captures/2026-07-20T14-20-52_GAV1063.jpg,full_frame
2026-07-28T10:38:47,ZM11,0.602,,
2026-07-28T10:38:47,7_22,0.507,,
2026-07-28T10:38:47,1_X_33,0.518,,
2026-07-28T10:38:47,BA5311,0.675,,
2026-07-28T10:38:47,94JJ1855,0.804,,
2026-07-28T10:38:47,79A33185,0.871,,
2026-07-28T10:38:47,1,0.807,,
2026-07-28T10:38:48,4334,0.590,,
2026-07-28T10:38:48,3733,0.676,,
2026-07-28T10:38:48,29A13165,0.899,,
2026-07-28T10:38:48,99A11103,0.649,,
2026-07-28T10:38:48,49A711055,0.682,,
2026-07-28T10:38:48,201015,0.515,,
2026-07-28T10:38:48,SA1111W,0.595,,
2026-07-28T10:38:48,SA321155,0.745,,
2026-07-28T10:38:48,29A37145,0.882,,
2026-07-28T10:38:48,89A33185,0.860,,
2026-07-28T10:38:48,99A33185,0.925,,
2026-07-28T10:38:49,29A33185,0.805,,
2026-07-28T10:38:49,79A33105,0.958,,
2026-07-28T10:38:49,29A33165,0.935,,
2026-07-28T10:38:49,BA3331M,0.595,,
2026-07-28T10:38:49,79A13165,0.771,,
2026-07-28T10:38:49,77A33143,0.806,,
2026-07-28T10:38:49,79A12164,0.752,,
2026-07-28T10:38:49,BA33185,0.845,,
2026-07-28T10:38:49,SA411145,0.701,,
2026-07-28T10:38:49,89A33105,0.874,,
2026-07-28T10:38:50,BA331185,0.786,,
2026-07-28T10:38:50,A171,0.580,,
2026-07-28T10:38:50,VA33165,0.872,,
2026-07-28T10:38:50,79A33165,0.962,,
2026-07-28T10:38:50,BA33115,0.853,,
2026-07-28T10:38:50,79A33185,0.976,,
2026-07-28T10:38:50,29A13185,0.966,,
2026-07-28T10:38:51,CS17,0.500,,
2026-07-28T10:38:51,BA23165,0.888,,
2026-07-28T10:38:51,29A31855,0.822,,
2026-07-28T10:38:51,BA23185,0.798,,
2026-07-28T10:38:51,PA331155,0.778,,
2026-07-28T10:38:51,794J1165,0.838,,
2026-07-28T10:38:52,39A33165,0.919,,
2026-07-28T10:38:52,29A33185,0.955,,
2026-07-28T10:38:52,1333,0.531,,
2026-07-28T10:38:52,17,0.642,,
2026-07-28T10:38:52,BA33185,0.815,,
2026-07-28T10:38:52,BA331165,0.862,,
2026-07-28T10:38:52,9AA31185,0.699,,
2026-07-28T10:38:52,BA331155,0.682,,
2026-07-28T10:38:53,9AA37185,0.827,,
2026-07-28T10:38:53,29A37162,0.752,,
2026-07-28T10:38:53,29A17185,0.882,,
2026-07-28T10:38:53,BN31115,0.590,,
2026-07-28T10:38:53,BA337T5,0.755,,
2026-07-28T10:38:53,743316,0.577,,
2026-07-28T10:38:53,BA331185,0.751,,
2026-07-28T10:38:53,29A23185,0.881,,
2026-07-28T10:39:00,1AA1119,0.679,,
2026-07-28T10:39:00,2AA31185,0.645,,
2026-07-28T10:39:00,19A31145,0.731,,
2026-07-28T10:39:00,79A33185,0.965,,
2026-07-28T10:39:00,39A33185,0.919,,
2026-07-28T10:39:01,79A37165,0.958,,
2026-07-28T10:39:01,79A31145,0.856,,
2026-07-28T10:39:01,29A77145,0.860,,
2026-07-28T10:39:01,2_A111_5,0.659,,
2026-07-28T10:39:01,29A23185,0.939,,
2026-07-28T10:39:01,29A33185,0.998,captures/2026-07-28T10-39-01_29A33185.jpg,full_frame
